product_id,product_code,product_name
1,AKL3JP011,S-뒷주름퍼JP
2,AKL7KT017,P3-셀폴라니트
3,AKL3PT006,C-올리기모와이드슬랙스
4,AKJ7TS001,J-베이직폴라T
5,BJK4SB009,세무하이탑(9541)
6,BKB7BG009,스카이크로스백
7,AIK7DP001,무릎절개해지청
8,AKJ7JP006,J-무브덕다운점퍼
9,AKK3PT005,C-스타기모통(23)
10,AKK3DP005,C-기모와이드블랙진
11,AKK3PT004,C-스타기모시보리팬츠
12,AKK7KT014,J-스케치래빗니트
13,AKJ7JP013,J-카라덕다운점퍼
14,BKL7MF001,모닝퍼머플러
15,AJK7VT006,라인다운조끼
16,AJL7VT003,꽃패치조끼
17,AKL7JP013,P4-배색라인덕다운
18,AKK7VT002,J-로티덕다운조끼
19,AJA3JP005,S-레터링막스JP
20,AKL7KT003,P-로제폴라니트
21,AKI3PT015,C-타로코튼와이드팬츠
22,AIA7JP004,양털쉘파JP 
23,AKL7PT001,P-미우밴딩팬츠
24,BKK4MF003,플라워울삼각
25,AKK7JP021,J-컬러링퍼후드점퍼
26,AKK7JP024,P-비조폭스구스다운
27,AKK7KT021,J-파인단추니트
28,AKK7VT021,J-폴라집업조끼
29,AKJ7KT003,J-큐빅골지니트
30,AKK3PT007,S-기모건빵바지
31,AKJ3VT004,C-버튼니트조끼
32,AKL7VT001,J-벨트후드덕다운조끼
33,AKL3KT001,S-셀리폴라KT
34,AKJ7JP010,J-네모덕다운점퍼
35,AKL7KT020,P3-크로스폴라니트
36,AKK7JP019,P-샤인후드덕다운
37,AKL7KT005,J-젤리반폴니트
38,AKK3PT015,C-윈디울부츠컷
39,BKI7BG009,리치투웨이백
40,AKL3DP004,C-브로디롱큐롯데님(기모)
41,BKK7BG004,J-A비즈백팩
42,AKK7TS002,P-폴라기모T
43,AJL3PT003,C-빅포켓배기팬츠
44,AHI7OP005,브이니트OP
45,AKI7JP014,J-니쥬니트집업
46,AKL7KT019,P3-사선반폴니트
47,AKI3DP002,C-브로디롱큐롯데님
48,AKL7KT016,J-글리배색반폴니트
49,BKL7MF005,컬러풀머플러
50,BKL4CP007,타조돌돌이챙
51,AKL7JP001,P-모드롱덕다운패딩
52,AKK7JP025,J-엔조퍼후드점퍼
53,AKJ7DP002,J-로튼데님배기
54,AKI7KT012,J-컬러반폴니트
55,AKL7KT015,J-눈꽃소녀니트
56,AKK7VT013,J-페이퍼니트조끼
57,BKJ3CP007,울야구
58,AEJ1OP501,리옹 후드 슬리브리스 코튼원피스
59,AKL3JP009,C-사각자수후드패딩
60,AIL3PT015,Q-밍끈포켓
61,AKK7VT003,J-하이넥덕다운조끼
62,AKL7DP006,P3-기모일자통데님
63,AKK7JP020,J-밍크라인덕다운
64,AKK7KT012,J-무지폴라니트
65,AIL3PT019,S-올무지통PT
66,AKI7KT017,J-로엔카라니트
67,AEH1SK101,르니 디바이디드 스커트팬츠
68,AKK7SK003,J-소피니트스커트
69,AKK7KT027,P-뒷트임단니트
70,AKK3KT003,S-어깨버튼니트
71,AKK7KT020,J-하이캣자수니트
72,AHK3VT007,Q-주머니삔줄조끼
73,AKL3KT004,S-분홍꽃KT
74,AKK7JP006,J-삥줄포인덕다운점퍼
75,AKK3KT002,C-살롱반폴니트
76,AKJ7KT001,J-심플라운드니트
77,AKL7JP003,P-니트카라덕다운
78,AKK7KT017,J-루이폴라니트
79,AKK3DP004,C-제리기모와이드데님
80,AKK3DP002,C-페이기모통데님
81,AKK3PT017,C-헤링뒷밴딩슬랙스
82,AKL7KT007,J-삼색단니트
83,AJL3KT001,C-컬러큐브니트
84,AKK7VT007,J-롱폴라조끼
85,AJL3JP020,S-지크구스롱JP
86,AKL3PT005,C-래핑패딩팬츠
87,AEH1TS301,젠 실켓모달 드레이퍼리 티셔츠
88,BKI4SC003,데일리삭스(3pcs)
89,AKL7KT014,J-캣골지폴라니트
90,AKK3DP001,C-다비기모통데님
91,AKJ7KT002,J-이지컬러니트
92,AKK7VT020,J-파머니트조끼
93,AKJ3KT004,C-모아니반폴니트
94,AKL3VT002,C-라비울터들베스트
95,AKK7KT004,J-핸드반폴니트
96,AKI3VT003,C-울스티치베스트
97,AKL7JP017,P3-세모끈덕다운
98,AKI7JP007,J-도트니트자켓
99,AKL7KT021,P3-미드폴라니트
100,BJK4SC007,키키삭스(2pcs)
101,BJK4SC001,베이직삭스(3pcs)
102,AKL7TS006,J-위드미후드T
103,AJK3KT004,C-카렌폴라니트
104,AKL7KT012,J-페어리니트
105,BIB7BG018,투지퍼가죽백
106,AKI7VT003,J-해리배색조끼
107,AIL3KT028,S-칼라다이아
108,AKK3PT009,C-마벨기모통슬랙스
109,AKL7KT002,P-윈터폴라니트
110,AKI7JK008,J-코듀카라자켓
111,AKL7JP006,P-카라퀄팅덕다운
112,AKK7VT023,P-플라워집업조끼
113,BJL4MF003,지도리울머플러
114,BJJ7BG009,투심플백팩
115,BKI7BG022,체스백팩
116,AKK3PT013,C-시보리골덴배기(기모)
117,ALB3TS007,C-TCCRHN-베이직단가라티
118,AKK3PT016,S-라인패딩PT
119,AKK7VT005,J-하이넥패딩조끼
120,AJK3PT014,C-밑단버튼부츠컷슬랙스
121,AKL7KT011,J-에어벌룬니트
122,AKJ3PT005,C-8부포켓골덴통
123,AKI3PT029,S-뒷밴딩건빵PT
124,AKJ7JP011,J-라인덕다운점퍼
125,AKA3JP001,S-로키털후드JP
126,ALB3TS003,C-OCMRHN-에스자수맨투맨
127,ALB3TS001,C-OCCDHN-로이자수후드티
128,ALB3TS006,C-OCJRHN-허니베어맨투맨
129,BJL4SB001,퍼골덴스니커즈(310)
130,AJK3JP007,S-체크삥줄구스
131,AKJ7VT002,J-파스텔덕다운조끼
132,AKJ3TS017,C-브링자수맨투맨
133,ALB3KT001,S-OCARHN-자수꽈니트
134,ALB3KT002,C-SCWRHN-캐시라운드니트
135,BKL7MF004,와플니트고리
136,BKL7MF002,스완니트고리
137,AKI7CA004,J-일리니트가디건
138,AKK7KT018,J-삼색꽈니트
139,AEH1SK602,디어걸 티어드 드레스스커트
140,ALB3TS012,C-SCCRHN-슬럽라운드긴팔티
141,AIL4JK001,S-카라뽀글이JK
142,AKK3PT019,C-모노버뮤다팬츠
143,BKL7BG006,J-모니카백팩
144,AKJ7PT002,J-자수골덴와이드팬츠
145,AJA7KT017,하트캐리KT
146,AKK7JP004,J-라쿤덕다운점퍼
147,AKI3PT003,C-골드버튼배기
148,ALB3CA002,S-GFAVHN-미로에가디건
149,ALB3DP009,C-SCDXT9-블랙와이드데님
150,ALB3WS001,C-SCCSHN-터치뒷주름셔츠
151,ALB3DP005,C-SCDXT9-브로디와이드데님
152,ALB3DP007,C-SCDXC9-밑포인부츠컷
153,AJL3JP002,C-스톤후드점퍼
154,ALB7WS008,J-ECCSON-캐비닛셔츠
155,BKC4SB009,럭셔리로퍼(5237)
156,AJC3PT010,S-트윙클배기
157,ALB7JK003,3-SC2NHC-버튼차이나레더자켓
158,AKK7JP023,J-카라포켓집업
159,AKK7JK005,J-이프니트자켓
160,ALB7WS016,J-TCTRAN-프릴단셔츠
161,AKL3DP003,S-노이세미기모통데님
162,AIK3PT020,Q-댄디기모
163,BKL4MF002,펀칭이중니트고리
164,AJK4JK001,C-디너크롭핸드메이드JK
165,ALB7JK005,J-SC2SHC-제로레더자켓
166,AJB4PT001,M-프라앙배기
167,AKK3VT001,C-헤링본니트조끼
168,AIL7DP003,알파컬러자수청
169,ALB3BL001,S-OSPRHN-인플BL
170,ALB3KT004,S-SSAVHN-프릴사선니트
171,AEK1OP603,폴라 캐주얼 원피스
172,AIK3JP005,S-샤인체크JP
173,AIK3CT009,S-모노BTG
174,ALB7WS002,J-OCDSHN-캣스티치데님셔츠
175,AIB3TS022,Q-뉴요커
176,AJK3CA006,S-굿곰가디건
177,BKG7BG015,블링팬더백팩
178,ALB3PT003,C-SCCXB9-샌드포켓배기
179,ALB7JK008,J-OCDSHC-플라워데님자켓
180,ALB7JP001,3-SC2DHN-지퍼후드레더점퍼
181,ALB7JK001,J-SCDSON-워시데님자켓
182,AJL7KT019,물결골지KT
183,AKI3VT002,S-토리레더VT
184,ALB7KT001,J-OCADHN-배색니트후드
185,ALB3TS010,C-TCCRHN-멜로디단가라티
186,ALB3JP002,S-OSPMAN-포켓배색이중점퍼
187,ALB3JP003,S-SFPMAN-소매셔링점퍼
188,AKC3TS006,S-스몰카라T
189,AEI1SK301,테레 캉캉스커트
190,AKJ3CT002,C-모스후드롱바바리
191,AEK1BL201,프린트 쉬폰 블라우스+이너
192,AKI7JP011,J-스티치니트집업
193,ALB3TS015,C-SCCFHN-셔링반폴티
194,ALB3TS009,C-OCJDOC-메디후드맨투맨
195,ALB7BL001,J-OCTRHN-체인니트블라우스
196,ALB3JP006,C-SCPDOL-핸디테잎바바리
197,AKK7SK004,J-뮤즈니트롱스커트
198,BKL7BG005,J-리온가죽백
199,ALB3JP004,C-SSPRAN-가비셔링자켓
200,AKC3WS005,C-크롭NB
201,AKA3KT004,S-드림베어KT
202,BKI4MF006,블랑사각머플러
203,ALB3DP003,C-SCDXB9-도도청배기
204,ALB7BL002,J-OCTRHN-단가라니트BL
205,ALB3PT006,C-SFCXC9-포켓조거
206,AKI3TS002,C-강연5부티
207,AKB7CA003,후드단지퍼가디건
208,AKJ7KT005,J-포근반폴니트
209,ALC3KT002,C-TCARHN-라인단니트
210,AKB4JK001,C-울링구싱글자켓
211,AHB3TS039,M-블러썸T
212,ALB7KT003,J-TCADHN-베어단후드니트
213,AEH1CA301,젠 드레이퍼리 드레스가디건
214,BKI7BG018,체커보드백팩
215,BHK4SB010,레고워커6632
216,BGL3MF003,포그니무지롱
217,AJC4TS002,M-리엔T
218,ALB3JP005,C-SCPDHN-에반이중점퍼
219,ALB3BL002,S-OSPRHN-푸르미BL
220,AKC3JP023,S-테잎비조롱JP
221,BLC4MF014,H플리츠
222,ALB3PT004,C-OSPXT9-브이밴딩통슬랙스
223,ALB3CT003,C-SSPSAL-안나트렌치
224,AKB3KT016,C-하이드로잉라운드니트
225,BLC4MF002,라인홀스마름모
226,AKC7KT006,언발하프후드KT
227,ALB7WS007,J-GCCSOC-레터링셔츠
228,AIE3DP002,S-B791컷팅
229,AKC7BL003,브리즈블라우스
230,BLC4MF005,진주플리츠머플러
231,AIB4PT001,S-언발바지
232,AKJ3JK002,S-로밍레자자켓
233,ALB3SL001,S-CFPXC9-고방부츠컷SL
234,BLC4CP004,체크통꺽쇠벙
235,ALC3TS004,C-SCCRHN-리브트임7부
236,ALB3PT005,C-SCCXT9-코튼밴딩통바지
237,BLC4CP002,세꽃해바라기끈
238,BLC4CP001,잔꽃해바라기
239,BJJ4CP002,심플울보넷
240,ALC3JP003,S-SCPDHL-소매지퍼후드롱JP
241,AJB3TS016,S-엔조이R
242,BLA7BG003,J-빅지퍼백팩(24)
243,ALB7CA001,J-OCASHN-레이어드가디건
244,AKK3TS013,S-시티맨투맨
245,AEH2TS501,아르웬 페미닌 티셔츠
246,ALB3SL003,C-SFPXC0-치즈뒷밴딩부츠컷
247,BKJ4MF004,시슬머플러
248,AKC3TS003,C-레이스폴라티
249,ALB3TS016,C-TCJRHN-스트링단맨투맨
250,ALC3PT001,S-SCPXB9-폴끈배기PT
251,BLC7BG002,J-미니래빗크로스백
252,BLC7MF001,스프링어깨숄
253,AJJ7JK003,차인레더자켓
254,BLC4MF008,실크사각머플러
255,AKJ3JP006,S-토니무지자수JP
256,ALC7DP002,J-OCDXB9-스타자수데님배기
257,BLC7BG010,J-버니백팩
258,ALC3JK001,C-SSCCAN-제이버튼자켓
259,ALC3JP008,3-OCNMHN-코지후드JP
260,ALC7TS001,J-OCCRHN-부엉T
261,ALC7CA001,J-OCACHN-줄자수가디건
262,AKI3JP007,S-보이후드JP
263,ALC3JP004,C-SSPHHN-리나하이넥점퍼
264,BLC4CP006,줄지배색끈벙거지
265,AKB3KT017,S-금장러브KT
266,AIC3JP018,S-해리점퍼
267,BLC7BG008,J-베어크로스백
268,AKC3OP021,S-엠버튼후드배색OPS
269,BLC4MF004,알파플라워마름모
270,BLC4CP003,튤립배색벙거지
271,ALC4VT001,C-ZFECHN-샤샤트위조끼
272,ALC7BL007,J-SCCNHN-프린스BL
273,BKL7BG010,J-프라호보백
274,ALC3WS003,C-TSCCHN-유미스틱셔츠
275,ALC3KT008,C-TCARHN-스팽글V니트
276,ALC3JK003,C-SCARHN-블링니트자켓
277,AKI3DP010,C-플로우부츠컷데님
278,ALD3TS004,C-OCCRHN-자수스팽글T
279,ALB3TS014,C-SCCRHN-팝핑퍼프소매티
280,ALC3VT001,C-SCPHHC-시크셔링조끼
281,ALC3KT005,S-GCAVHN-패턴브이니트
282,ALC7KT001,3-SCARHN-피오나니트
283,ALC3KT007,C-SCACSN-슬림카라니트
284,AKI3PT013,S-토핑자수배기
285,AJI7JK007,텐스레더자켓
286,ALC3BL004,C-OSPCHN-레터링끈BL
287,AKC7JP001,듀크플라워점퍼
288,ALD3TS005,C-OCCRHN-레아T
289,ALC7OP002,J-OCTRHL-이브닝원피스
290,AKI7KT023,J-M스트라이프니트
291,ALC3JP007,C-OCPHHF-테잎비조사파리
292,ALC3JP006,C-SSCHHN-로즈날개점퍼
293,AKJ3CT001,C-로아시보리하프바바리
294,AKB7JP001,테드레자점퍼
295,ALD3TS003,C-OCCRHN-도넛맨투맨
296,ALD3BL002,3-OCPRHN-진주노방BL
297,ALC3SL002,C-SSPXB9-시보리다트배기SL
298,ALD3TS011,3-OSCRHN-나비T
299,ALC3JP010,3-SCPHAN-진주지퍼JP
300,AKI3TS013,S-PS후드
301,AKB3TS013,S-레빗단가라T
302,ALD3BL006,3-OSPRHN-위너스BL
303,ALC3JP009,3-OCPMAN-날개리본JP
304,ALC3BL003,C-SCPRON-코코리본BL
305,AKI3PT027,C-치즈와이드슬랙스
306,ALC3KT006,S-TCAVHN-V단가라니트
307,AIK3TS003,S-그라피T
308,AEI2SK402,나탈리 코튼 머메이드스커트
309,BLC4MF009,페인팅양모사각
310,ALC3DP002,3-OCCXT0-옆라인청통
311,ALD4VT001,3-ZFECHC-트위숏조끼
312,BLC4MF007,루시아실크사각
313,ALC3SK002,C-SSPZA8-핀턱훌스커트
314,AKI7DP002,J-자가드와이드데님배기
315,ALB7WS012,J-ECDSON-굿럭데님셔츠
316,ALD3WS003,3-FCCSHN-플라워보틀셔츠
317,ALD3PT002,3-SCPXT8-밴딩치마바지
318,ALD3BL003,3-OCLVHN-프릴카라린넨BL
319,ALD3KT001,3-SSAVHN-로우7부
320,ALC3TS010,3-OCCRHN-플라워레터링T
321,ALC3WS004,3-OCCSAN-타이밍셔츠
322,ALD3BL005,3-OSPRHN-비비라운BL
323,ALD3WS005,3-CCLSHN-컬러고방린넨셔츠
324,ALD4OP002,3-SSCRXL-데님끈OPS
325,AKE3JK006,S-코코스트링JK
326,AGH3PT034,M-플레인
327,ALC7KT004,J-OCTRHN-단가라레이어드니트
328,ALC3SK003,C-SCPXXL-아노락끈스커트
329,AJC3TS012,S-레터링후드줄T
330,ALD4OP001,3-SSPVXL-레트OPS
331,AKI3BL029,S-스톤나염블라우스
332,BKD7BG009,시젠가죽숄더백
333,AKB3TS009,S-잭키맨투맨
334,ALC7BL005,3-OCTRHN-조끼레이어드BL
335,ALD3VI002,3-SCAVHN-하트스카시조끼
336,ALD3TS015,3-SCCRHN-모달베이직반팔
337,AKI3PT026,C-올리브와이드슬랙스
338,ALD3WS002,C-TCPSHN-세일러카라셔츠
339,AKF3JK010,C-스티치린넨자켓
340,ALD7TS002,J-OCCDHN-1958후드
341,ALD3BL001,C-OCPRHN-러브비즈BL
342,ALD3VI001,3-FCAVHN-로즈단추조끼
343,AGC1CT001,A-리본바바리
344,AIC3JK011,S-이엔체크자켓
345,ALD3TS008,3-SCCRHN-5부라운드T
346,ALD3TS009,3-SCCHHN-옆셔링5부
347,AHC3BL045,Q-줄지온앤온
348,ALD3TS001,C-OCCRHN-트러플자수맨투맨
349,ALC3OP002,C-SSPCXL-트렌치OP
350,ALD3KN001,3-ECSRHN-레이스나시
351,AJC3TS009,S-테잎단가라
352,BLD4MF001,망진주워머
353,AKE3BL023,C-미링퍼프BL
354,AKI3JP009,C-데이단추JP
355,ALC3SL003,C-SSPXT9-후크통슬랙스
356,ALD3KT002,3-SSARHN-퍼프7부
357,BLD4SB001,패치하이탑(0019)
358,ALC3SL001,C-SSPXT9-코이통SL
359,ALB7WS005,J-GCCSON-문라이트셔츠
360,ALB3TS005,C-OCMRHN-스퀘어자수맨투맨
361,ALC3TS008,3-SCCVHN-슬라브반팔
362,AKH7BL003,J-캡린넨BL
363,ALD3KT005,3-SSLRHN-홀가진주니트
364,ALD3JK007,3-SSLTHN-린넨더블JK
365,ALC3TS009,3-SCCRHN-라포반팔
366,BLD4SB009,블링스니커즈(377)
367,AKD3WS002,C-꽃카라셔츠
368,AKD3JP016,S-싱글배색JP
369,ALD3SL002,S-CFPXC9-썸머고방부츠컷SL
370,ALD3DP001,3-OCCTT0-스티치통데님
371,AKJ3TS012,C-네오퍼프단T
372,ALD3JK010,3-SCPCAN-데님스티치JK
373,BLD4SC005,자수양말(2pcs)
374,ALD3JP005,3-OCCHHN-로이스티치점퍼
375,ALD3PT004,3-SCLXB8-단추마8부배기
376,AII3PT022,S-GU통바지
377,AKG7WS003,J-코크린넨버튼셔츠
378,AKI3VT005,S-진주핀탁조끼
379,AKG4BL004,C-세라린넨블라우스
380,ALC3WS001,C-CCCCHN-체크주크티
381,AKF3BL009,C-안나체크BL
382,ALC3CA001,C-SCAVHN-카일가디건
383,BLD4SB008,체크삭스슈즈(2215)
384,BLD4SB006,블랙뮬스니커즈(65)
385,BKI4SB009,비즈리본플랫(863-1)
386,AHC3WS002,M-페버러블
387,ALD3DP004,3-SCCXT9-비비안와이드데님
388,BLD4MF003,로즈삼각
389,AKE3JK005,S-이지밑셔링JK
390,AHC3PT008,S-랑방부츠컷
391,AKG3TS010,C-피오나V넥T
392,ALD3OP005,3-OCTZXL-세일러니트OPS
393,AJJ7SK003,토들스커트
394,ALC3TS011,3-OCCRHN-자수아트T
395,BKI7BG012,보스턴크로스백
396,ALD7KT002,J-TCARHN-셜리단가라KT
397,AKC7VT001,라인브이카라조끼
398,AKH3TS001,C-무지레터링나시
399,AKH3TS011,S-해피트임T
400,BLD4SC006,다이아중목양말(2pcs)
401,ALC3JP013,3-OCPHHN-파리스JP
402,ALD7KT001,J-OCARHN-꽈라운드KT
403,ALD3JP004,3-SCPDHN-숏후드JP
404,ALD7TS005,3-OCCRHN-캐릭아트T
405,BLD4SC002,끝단자수양말(2pcs)
406,BLD4SC001,데일리양말(3pcs)
407,ALE3JK004,3-GCCCHN-물결포켓숏JK
408,ALD3VT003,3-OCPVHN-맘보조끼
409,AKE7TS001,헬로스마일T
410,AJI3PT014,C-세리밴드PT
411,ALE3CA001,3-SCAVHN-리우가디건
412,AKF3TS016,C-카이막하프티
413,ALD3TS014,3-TSCRHN-러브단가라T
414,AJC3TS016,C-에밀리라운드
415,AIC3ST006,S-R니트세트
416,AKG3OP004,S-프릴단추OPS
417,ALD7OP001,J-CCLSXL-체크카라OPS
418,AKI4PT002,M-리엔조거팬츠
419,ALD3PT006,3-SCPXB9-일라배기PT
420,ALE3WS004,3-OCPSAN-M레이스셔츠
421,BLE4CP002,종이조개썬캡
422,ALD3PT005,3-SCLXT9-컬리마통PT
423,ALD3JK006,3-SSLTHN-라라린넨JK
424,BLD7GT003,3-태슬동전지갑
425,ALD3TS007,C-OCCRHN-썸머부클반팔T
426,AJG3PT007,S-단추망고배기
427,ALE3TS001,3-OCCRHN-판자수T
428,AKF3TS015,C-체인V넥
429,ALD3TS012,3-OSCRHN-컬러엠보T
430,ALC7BL002,J-CSCRHN-메쉬고방블라우스
431,AKE3OP023,C-에스후드원피스
432,ALC3JP012,3-OCPMHN-테이크JP
433,AKF3BL010,C-원버튼카라BL
434,AKE3TS004,C-미야스트링T
435,BLA7BG013,Z-라탄크로스백
436,ALD3TS010,3-OSCRHN-17비즈T
437,ALE3TS009,3-OCCRHN-비쥬T
438,BLD7BG001,J-스마일토트백
439,ALD3JK001,3-CCCSAN-고방자켓
440,AKG3KT002,S-보틀KT
441,AKC3JP021,C-트윙클포켓점퍼
442,AKI3DP008,C-워싱통와이드데님
443,ALE3BL002,3-OCPRHN-빌리브BL
444,ALD7PT004,3-SCLXT0-롱린넨PT
445,ALE3TS005,3-OCTRHN-베리T
446,ALE3TS006,3-OCCRHN-베이스맨투맨
447,ALE3WS003,3-OSCSHN-쉬폰셔링셔츠
448,ALE3JP004,3-OCPDHN-롤업JP
449,ALD7TS007,3-OCCRHN-선셋T
450,AKG4PT002,Z-아웃포켓배기팬츠
451,AKH3BL029,S-밀크셔링BL
452,ALE3WS005,3-ECCSHN-물결나염
453,ALE3TS013,3-OCCRHN-앞라인T
454,AKE7KT004,컬러단가라반팔KT
455,AKF3PT001,C-오디포켓배기
456,ALC3SK004,C-SSPXXL-아일스커트
457,AKF3TS011,S-통조림T
458,ALD7PT002,3-SCLXB9-린넨배기PT
459,ALD7PT001,3-CCLXX9-미니고방PT
460,ALD3WS008,3-SCCSAN-스티치컬러셔츠
461,BLD4CP007,플랩썬햇
462,BLD4SC008,포인중목삭스(2pcs)
463,BLD4SC003,포포삭스(2pcs)
464,BKE4SB003,썸머컬러샌들(A7179)
465,AJC3BL005,C-멜본BL
466,ALE3TS010,3-OCCRHN-S포켓T
467,ALE3TS011,3-OCCRHN-우노T
468,ALD3JK011,3-SSPCHN-이중카라JK
469,ALD3WS006,3-CCLSHN-배색체크셔츠
470,AKF3DP006,C-스카이와이드데님
471,ALE3JP005,C-OCPDHN-라인이중점퍼
472,ALE3JP001,3-OCPHHN-어바웃후드점퍼
473,ALE3OP005,3-SSPCXL-카라OPS
474,AKD3DP004,C-보카코튼통바지
475,ALE3PT001,3-SSPX19-레이단추PT
476,ALD3JK003,3-SSPCAN-쥬리JK
477,BLC7BG003,J-체크크로스백
478,AKF3DP009,C-스텔라큐롯데님
479,ALE7KN001,3-OSAZSN-삼각시스루나시
480,AKF3TS010,S-에브T
481,ALD7BL002,3-ECLCHN-배색카라BL
482,BKL7BG015,J-플릭숄더백
483,BKI4MF005,올리마름모스카프
484,ALD3JP002,3-SCPRHN-라운넥JP
485,ALE3JP006,3-SCPHHN-에어셔링JP
486,AJG7BL011,샐리포켓BL
487,BLD4SC004,코튼망양말(2pcs)
488,BLD4SB007,사각코플랫(668-15)
489,AKH3PT003,C-세리숏PT
490,AKG3BL006,S-엠보스트링BL
491,ALD3DP003,3-SCCXT10-하늘와이드데님
492,ALE3JP007,3-SCPFHF-루비사파리
493,AKG3OP003,S-스탬OPS
494,ALD3JK002,3-SSPCAN-르엘JK
495,AKH3PT013,S-와이드린넨통PT
496,ALE3PT005,3-SCPXT8-쿨밴딩통
497,ALD7PT003,3-SCLXX9-린넨밴딩PT
498,AKG3WS004,C-포켓린넨셔츠
499,BLD4SB004,투라인운동화(5863-1)
500,AKD7KT020,컬러카라포켓KT
501,ALE3OP011,3-SSPSXL-앙상블OPS
502,AKD3VT014,S-로링조끼
503,AKE3CA008,C-시스루V가디건
504,ALE7KN002,3-SSAZSN-망니트나시
505,AKD3TS013,C-버니루즈핏T
506,ALE3JP008,3-OCPRHN-테이핑JP
507,AKE7SK008,잔체크SK
508,BLE4CP001,챙끝조개보넷
509,BGD3MF004,비스코스단가라
510,AKE3DP010,S-타니부츠컷데님
511,ALF3BL001,3-SSPCHN-언발스트링BL
512,AKG3JK002,S-미스JK
513,ALF3JK001,3-SCLSAN-마린JK
514,ALE3TS012,3-OCCRHN-코드자수T
515,ALF3JP002,3-SSPCHN-럭스점퍼
516,BKL7BG009,J-패치숄더백
517,ALE3OP010,3-SSPSXL-롤업벨트OPS
518,AKH7CA001,J-배색카라가디건
519,ALE3OP003,3-SCNSPL-웨스트셔츠롱원피스
520,AIG3PT010,S-앞프릴통바지
521,AKE7CA001,리본브이가디건
522,AKD7KT011,콜린하프니트
523,AJF3PT035,C-메론청PT
524,ALF3WS001,3-SCLSAN-버튼린넨셔츠
525,AKG4BN003,Z-소매니트나시
526,ALE3JP012,3-OCPHHN-레이스프릴JP
527,AJE3TS017,C-솔드라운드T
528,AKF3TS023,S-리즈반팔(2)
529,AKI3JK006,S-자딕포켓JK
530,ALE3JK003,3-TSLCHN-린넨ST더블자켓
531,ALE3SL001,3-SSPXB9-오드부츠컷SL
532,AKE3VT006,S-켈리셔링조끼
533,ALD3KT004,3-SSLVHN-홀가V넥캡니트
534,AKD7CA007,기본심플가디건
535,AKD3TS033,C-블레싱맨투맨
536,ALE3OP004,3-SSPRXL-샌드OPS
537,BLA7BG001,스카이크로스백(24)
538,AHC3PT020,Q-펜디
539,ALE3SL002,3-SSPX19-커트뒷밴딩SL
540,ALE3PT006,3-SCPXT9-밴딩버튼와이드PT
541,ALE3WS006,3-ECCSHN-선염체크
542,ALC3KT009,C-SCAVHN-로잉브이니트
543,ALF3JP003,3-OCPDHN-셔링컷후드JP
544,ALE3BL001,3-OCPRHN-드림BL
545,ALE3ST002,3-SCPRHN-프리미엄ST
546,ALE3DP004,3-SCCXT9-슈가통데님
547,BJF7BG017,프라주름백
548,ALF3JK004,3-OCLSHF-호시린넨오픈JK
549,AIC3BL045,S-엘르BL
550,BLF4CP006,단가라꽃해바라기
551,AJF3PT023,S-밑단스티치PT
552,AKD3TS047,C-마카롱크롭티
553,AKD3TS051,C-헤드슬림7부티
554,ALE7TS002,3-OCPRHN-뒷레이스T
555,ALE3TS007,3-OCCRHN-브라운T
556,BLF4CP001,체크파이핑뒷주름벙
557,ALE3PT002,3-SCLXT9-린넨통PT
558,AKF3ST004,C-페이퍼와이드통SET
559,AKF3TS014,C-리그슬럽V티
560,AKD3CA005,S-스카시하프가디건
561,AKF3BL016,S-소매턱여름BL
562,ALE3OP013,3-SSPSXL-세라OPS
563,ALF3JK002,3-OCLSHN-자수마자켓
564,ALE7BL001,3-OCPRHN-R셔링블라우스
565,ALC3TS001,C-OCCRHN-미니도그T
566,BLA7BG005,다이아백팩(24)
567,AIE7CA010,G빅로고
568,ALF3JP004,3-OCDHHN-하트지퍼후드
569,ALF3BL006,3-OCPRHN-베티BL
570,ALF3BL007,3-OCPRHN-썬플라워BL
571,BLF4SB002,비즈글리터샌들(500-2)
572,ALF3TS002,3-SCLRHN-말리부린넨T
573,BLF4MF004,레이스린넨스카프
574,ALE3WS008,3-FCCSHN-데이지나염셔츠
575,BLF7BG004,J-파인애플백
576,ALE3DP005,3-OCCXC9-블루부츠컷데님
577,ALF3PT005,3-SCCXT5-심플린넨5부
578,ALF7TS004,3-OCPDHN-베어후드반팔
579,ALF7TS002,3-OCPRHN-블랙포인T
580,AKD3TS037,S-헤리탄맨투맨
581,ALF3PT002,3-SCCXT9-썸머캔디일자
582,BLF4SB006,시스루큐빅힐(9525)
583,ALF3PT004,3-SCCXB9-밴딩면배기
584,AJG3BL025,C-엠보BL
585,ALF3JP001,3-OCPCHN-시보리배색JP(2)
586,AKI3BL002,C-유니픽스BL
587,AKI7BL001,J-쉬폰소매니트BL
588,BLF7BG001,J-패널크로스백
589,AKF7KT004,내셔널KT
590,ALF3JK005,3-SCPSHN-날개끈JK
591,ALF7TS001,3-OCPDHN-레고후드
592,BLF4CP004,벨크로썬캡
593,AKH3BL028,L-진주체크BL
594,ALF3TS004,3-OCCRHN-써니나염T
595,AII3JP001,S-후릴JK
596,ALF3WS003,3-FSCNHH-언발플라워나염
597,AKG3PT001,C-슈가하프팬츠
598,BLF4GV002,패턴반장갑
599,AKH7PT003,J-밴딩와이드린넨PT
600,ALF3TN001,3-SCLRHN-린넨캡나시
601,ALF3JK008,3-SSPTHF-제인반팔JK
602,AKD3TS005,S-G반팔맨투맨
603,BLF4SB008,미니통굽샌들(V32)
604,ALF7BL004,3-GCLNHN-페이즐BL
605,ALF7WS001,3-SCLSHN-라미단추셔츠
606,ALF3BL015,3-FCZCHN-리본텐셀BL
607,ALF3DP002,3-SCCXT9-아이통데님
608,ALF7WS002,3-OCLSHN-컬러단추셔츠
609,BLF4CP005,해바라기끈모자
610,AIE7CA008,넥플라워가디건
611,AJH3PT032,S-허쉬조거
612,AJG3OP033,C-심플프릴OPS
613,ALF3PT006,3-SCCXT9-엔씨끈PT
614,BLF4MF001,텐셀삼각스카프
615,BLF4MF006,린넨꽃머플러
616,ALF3TS008,3-OCCVHN-모던자수반팔
617,ALF3BL014,3-FCZSHN-텐셀플라워BL
618,ALF3BL012,3-FCCSHN-플라워스트링BL
619,ALF3PT001,3-SCPXWL-바삭치마바지
620,AJH3ST010,C-라몬느후드ST
621,BLF7BG005,J-스카프가죽백
622,ALE7BL003,3-OCPRHN-부엉시스루BL
623,ALF7TS005,3-OCPDHN-레이스후드T
624,BLF4SB004,버그스니커즈(6815)
625,ALG3PT001,3-SCPXT8-아삭8부와이드
626,BLD4CP003,벌집배색벙거지
627,ALG3BL003,3-OCCRHN-올해피BL
628,ALG3BL004,3-CCCCHN-고방카라체크BL
629,ALF3TS005,3-OCJRON-블링맨투맨
630,ALG3BL002,3-OCCRHN-오로라BL
631,ALE7PT001,3-SSPXT0-플리츠와이드PT
632,ALF7PT001,3-SCLXT9-주름린넨와이드PT
633,ALG3SK001,3-OCPXXL-테잎밴딩스커트
634,ALG3VT001,3-SCPHHN-메쉬벌룬조끼
635,ALF3TS007,3-OCCRON-레트로워싱티셔츠
636,ALF3PT007,3-SCCX19-안나일자PT
637,ALF3BL009,3-SSNCHN-이중카라BL
638,ALG3SK005,3-SCCXXN-베리데님스커트
639,AKE3KT003,S-세일러스트KT
640,ALG3BL001,3-FCCRHN-진주플라워나염
641,ALF3BL005,3-FSCNHN-레베꽃나염
642,ALE3PT007,3-SCPXJ8-썸머조거팬츠
643,BLF4MF005,린넨삼각스카프
644,ALF7OP001,3-OCPRXL-펌킨원피스
645,ALF7OP002,3-OCARXL-단배색원피스
646,ALG3WS001,3-OCCSHN-컬러포인셔츠
647,AKF3BL019,C-로라밴드블라우스
648,BLA7BG006,J-이브닝백팩(24)
649,AJH3OP020,C-펀칭레이OPS
650,ALF3JK006,3-SCLSHF-샌드마JK
651,ALF3BL004,3-OCPRHN-라피BL
652,AJF3PT012,S-체스부츠컷
653,ALF7WS003,3-OCLSHN-포인린넨셔츠
654,ALF3OP004,3-OCPSHL-듀크앙상블OPS
655,BLG4MF001,면꽃삼각
656,AKF3VT001,S-날개미드VT
657,ALG3JP003,3-OCPDHN-망사후드JP
658,AKF3JP004,C-테잎후드사파리
659,ALG3JP002,3-SCPDHN-썸머숏점퍼
660,ALG3BL006,3-OCCRHN-테라피BL
661,BLF4GV003,레이스반토시
662,BLG4SB001,리본통굽슬리퍼(20-10)
663,ALG3SL002,3-SSPXB0-찰랑부츠컷슬랙스
664,ALG3SK003,3-OCPXXL-수채쉬폰스커트
665,ALG3BL008,3-SCPSHN-안나BL
666,ALG3BL007,3-SSPSHN-소매핀턱BL
667,ALG3OP006,3-FSPNXL-튤립OPS
668,ALE3OP008,3-OCCDHL-레터링후드원피스
669,ALG3TS011,3-OCCVHN-문별V넥T
670,ALG3TS016,3-OCCRHN-방울라운드BL
671,AKF4TS001,S-브이별지퍼T
672,ALG3PT003,3-SOCXT5-M5부
673,ALG3TS004,3-OCCRHN-폴딩자수T
674,BLF4CP009,배색지사벙거지
675,ALE7PT002,3-SSPXT9-쉬폰랩PT
676,ALG3TN002,3-SCCVHN-찰랑트임나시
677,ALF3BL013,3-CCCSHN-포켓체크BL
678,ALG3WS003,3-OCCSHN-보보셔츠
679,ALG3SL001,3-SSPXI0-샤인일자슬랙스
680,ALG3TS015,3-OCCRHN-드라이자수T
681,ALD3PT008,3-SCCX10-파스텔코튼통
682,ALG3TS006,3-TCCRHN-단가라자수T
683,ALG3TS007,3-OCCRHN-자수왕관T
684,AKF3PT002,C-큐롯와이드팬츠
685,ALG3PT002,3-SCCXT5-셔링포켓5부
686,ALG3TS014,3-SCCVHN-소프트T
687,AKF3PT005,S-린넨밴딩5부
688,AID7WS002,잔꽃쿨NB
689,AKF3JK016,C-린넨포켓자켓
690,ALG3OP009,3-SCPRHL-핑크셔츠OPS
691,ALG3BL009,3-GCCVHN-프릴자딕BL
692,ALG7CA002,3-SCAVHN-썸머가디건
693,ALG3BL011,3-GCPCHN-하트레터링BL
694,ALG3JK006,3-SSLRHN-바이린넨JK
695,ALG7KT002,3-TCARHN-단가라꽈니트
696,ALG7TN001,3-TCCRHN-단가라나시
697,ALG3ST008,3-OCPRHN-단추SET
698,ALH3OP001,3-SCPRXL-썸머러플OPS
699,ALG3TS027,3-OCLRHN-린넨보야지T
700,ALG3JK007,3-CCLCHN-고방체크자켓
701,ALG7KT003,3-OCARHN-원플라워니트
702,AIE3TS002,S-커플곰돌이T
703,ALG3ST003,3-SCPTTC-라운드바스락SET
704,BLD7GT002,3-보테카드지갑
705,ALG3OP017,3-SCPRXL-소매망사OPS
706,ALH3TS005,3-ECCRHN-리프나염T
707,ALH3BL004,3-SCPCHN-이지밴딩BL
708,ALH3WS002,3-OCCSHC-왕꽃7부셔츠
709,ALG3OP016,3-SCPCXL-단추리본OPS
710,ALG7PT006,3-ECCXT9-잔도트팬츠
711,ALD3DP005,3-SCCXT9-엔젤통데님
712,ALG3JP004,3-OCPCHN-밴딩포인JP
713,ALG3TN001,3-SCLRHN-데일리린넨나시
714,BJF4SB004,쥬블링샌들(810)
715,ALG3TS013,3-OCCVHN-블라썸V넥T
716,ALG3TS010,3-OCCRHN-세여인진주T
717,ALH3OP008,3-SCPRXL-앞단추나시OPS
718,ALH3WS001,3-OCCSHN-언발회오리남방
719,BKJ4MF003,쁘띠플라워마름모
720,BKE3CP003,물결벙거지
721,ALH3TN001,3-FCCRHN-꽃레이스나시
722,ALG3TN003,3-OCCRHN-프레리나시
723,ALH3CA002,3-SCARHN-잔플리츠가디건
724,ALG3JK001,3-OCLCHN-데바린넨JK
725,ALG3ST005,3-SCPRT0-로코SET
726,ALH3TS002,3-FCCRHN-르망꽃T
727,ALI3WS002,3-FCCSHN-리사텐셀
728,ALG3TS005,3-OCCRHN-뉴러브T
729,ALH3CA001,3-OCAVHN-레이스가디건
730,ALD3DP002,3-SCCXT4-오레오4부데님
731,AKH3KN002,S-레이스KN
732,ALG3CA001,3-SCAVHN-썸머브이가디건
733,AIH7TS009,물결라인T
734,ALI3WS003,3-FCCSHN-나염플라워
735,ALE3PT003,3-SCPXT9-심플와이드통PT
736,ALF3JP006,3-OCNCHN-카라메쉬점퍼
737,ALE7TS001,3-OCPRHN-샌들퍼프T
738,AJE3ST003,S-미니스마일세트
739,ALI3WS001,3-FCCSHN-눈꽃나염
740,BLI7BG001,체스배색백
741,AJE3ST006,S-에이틴세트
742,AJE3ST001,Q-굿드세트
743,BLF4CP002,플라워라피아벙거지
744,BKD4SC005,발목진주양말
745,ALG3WS006,3-CCCSHN-파스텔체크남방
746,ALG3DP001,3-SCCXT0-쿨통데님
747,ALH3VI001,3-SCAVHN-공작뜨개조끼
748,ALI3BL004,3-OCCRHN-큐브BL
749,ALI3ST001,3-OCPDHN-잼큐SET
750,ALI3PT003,3-OCCXT9-앞포켓면통
751,ALI3PT001,3-OCCXB9-건빵배기
752,ALI7SK001,3-FCCXXL-가드닝스커트
753,AJD7TS011,펀칭레스T
754,ALE3OP002,3-SCPSXL-숄카라주름OPS
755,AKF7TS002,레이스단가라T
756,ALI7BL001,3-TCTVAN-배색단블라우스
757,ALI7KT010,3-SCARHN-망단추니트
758,ALI7KT007,3-TCAVHN-스마일단니트
759,ALI7SK002,3-ECCXXL-프린스커트
760,ALI3WS007,3-SCCSHN-메르셔츠
761,ALI3JP002,3-SCPDHN-일라JP
762,ALI7DP001,3-OCCXB9-스타청배기
763,ALI7TS006,3-SCCFSN-슬림반목T
764,ALH3TS003,3-OCPRHN-이중포켓T
765,ALI7JK001,3-SCDCHN-리본자수데님자켓
766,BLI7BG009,무드투웨이백
767,ALI3VT003,3-OCPDHN-레터링끈조끼
768,ALI7TS004,3-OCCFHN-영문반목T
769,ALG3TS003,3-OCCRHN-구름T
770,ALI7TS002,3-OCCFHN-미로7부반목T
771,ALI7KT008,3-SCAVHN-단추V넥니트
772,ALI3BL008,3-FCCSHN-해바라기나염
773,ALI3SL001,3-SSPXC0-체스부츠컷
774,AGI3KT009,M-니트브루넬로R
775,ALI3JP003,3-OCCDHN-캘빈JP
776,ALI3BL009,3-FCCSHN-에메랄드나염
777,ALI3BL007,3-FCCSHN-잔꽃나염
778,ALI7KT012,3-GCARHN-패턴블라니트
779,ALG3JK005,3-OCPSHN-나인썸머자켓
780,ALI3WS013,3-CCCSHN-뒷포켓체크남방
781,ALI3JK002,3-OCPCHN-가을시보리JK
782,ALI3PT006,3-SCPXB9-밴딩시보리배기
783,BKL7BG019,J-이브닝백팩
784,ALI3WS009,3-OCCSHN-타로셔츠
785,BKG7BG006,자수핑크백팩
786,ALG3ST004,3-SCPRHN-레오SET
787,ALI3PT004,3-OCCXB9-퍼플면배기
788,ALG7PT002,3-SCCXT9-스테이밴딩팬츠
789,ALJ3KT003,3-SCARHN-보니포켓니트
790,ALI3TS006,3-SCCRHN-이중골지T
791,BLI4MF002,패턴미니타이
792,BLI4MF003,큰나염실크
793,ALI3KT002,3-SCARHN-바인반팔니트
794,ALJ3WS001,3-FCCSHN-클로버카라
795,ALI3JK007,3-CCCSHN-린체크JK
796,ALI7DP004,3-OCCXB9-캣데님배기
797,ALJ7JK002,3-SC2CHN-이지카라레자자켓
798,ALI3BL003,3-OCCRHN-어반7부BL
799,ALI7KT005,3-SCARHN- 배색레이스니트
800,ALI3BL005,3-OCPRHN-투데이BL
801,ALI3TS005,3-SCCRHN-슬럽라운드T
802,ALJ7VT002,3-SC2DHN-올레자후드조끼
803,ALI7TS003,3-OCCDHN-별후드하프T
804,ALI7KT003,3-OSAVHN-브이와플니트
805,BLI7BG011,펀칭소가죽백
806,ALI3TS003,3-OCCRHN-페트리T
807,ALI3OP011,3-CCCSHL-모던체크OPS
808,ALI3OP007,3-OCCCHL-타미카라OPS
809,ALI3OP010,3-SSPCHL-쎄라OPS
810,BKG7BG008,요트토트백
811,AKI3JK003,S-바네시보리JK
812,ALI3DP003,3-SCCXT0-럭키와이드데님
813,AKI3TS006,C-한스라운드티
814,AKC7WS008,심플셔링셔츠
815,ALJ7VT001,3-SC2DHN-니트후드레자조끼
816,ALJ3WS005,3-CCCSHN-플로체크카라
817,ALJ7JP003,3-SC2DHN-스텔후드레자점퍼
818,AIK7PT003,베아주름PT
819,AKI3OP005,S-르엘OPS
820,ALC4SL001,S-OFPXB9-밴드배기SL
821,ALI3WS010,3-CCPSHN-엠보체크셔츠
822,ALJ3JP002,3-OCPDHN-자수후드JP
823,BLJ4CP014,체크턱끈벙
824,AJE3ST005,S-아이세트
825,BLJ4SC004,패턴반목삭스(4pcs)
826,ALI3OP009,3-SSPSXL-이지앙상블OPS
827,ALJ3VI001,3-SCAVHN-홀가캐시V넥조끼
828,ALJ7KT002,3-ECARHN-나비니트
829,AKF3BL014,S-앵두나염BL
830,ALC7BL009,J-SSCRHF-필링BL
831,BLJ4MF003,패턴울롱
832,BLJ4SB003,로프하이탑(6005-1)
833,ALJ7SK002,3-GCPXAL-커튼스커트
834,ALJ3KT004,3-SCARHN-로델라운드니트
835,BLJ4SB008,C리본플랫(8851)
836,BLI4MF006,로즈망사
837,ALE3TS018,3-OCCRHN-스튜디오T
838,ALJ3VT001,3-SC2CHN-슈슈레자조끼
839,ZA00CO002,아메리카노(음료)
840,AKK7CA004,J-라운드단추가디건
841,AKL3CT002,Z-케이롱핸메코트
842,AIJ3KT007,S-청배색브이니트
843,AHK3DP007,Z-핀탁청슬림
844,AKJ7PT005,J-라인핀턱슬랙스
845,AJK3KT003,C-숄더퍼프반목니트
846,AKK7SK005,J-허밍니트스커트
847,AKI7JK010,J-숏니트자켓
848,BKJ3CP004,밀라나벙거지
849,AJD7KT001,하티KT
850,AKB3TS002,C-레터링오버라운드티
851,AJC4TS001,M-지젤이너T
852,AKB3KT024,C-소잉스퀘어골지슬림니트
853,AEK1SK603,울 360도 플레어 풀스커트
854,AEI2PT301,아게다 니트 팬츠
855,AHJ3TS011,S-러플배색티
856,BKL4CP016,뜨뜨귀꽈배기햇
857,ZA00CO046,레몬생강차(음료)
858,AKB3VT005,C-밀링울베스트
859,AKI7KT025,J-라인브이가디건
860,AJK3PT012,S-더블유기획PT
861,AKJ3TS009,C-앙고라폴라티
862,ZA00CO010,국산검은콩라떼(음료)
863,AKL7PT004,J-다이아누비팬츠
864,AKK3PT002,C-더치골덴통바지(기모)
865,BKL4CP009,울꽈배기귀도리
866,AKK7VT030,J-호이다운패딩조끼
867,BKL4CP010,사선체크패딩햇
868,AKK7JP003,J-파스텔단추덕다운
869,ZA00CO003,카페라떼(음료)
870,AIC7KT006,펀칭꽃니트
871,AKL7JP005,P-폭스사파리덕다운
872,AHK7KT010,라인KT
873,AKL7KT001,P-모드폴라니트
874,AJL7KT016,하플KT
875,AKK3PT014,C-체크기모부츠컷
876,AJI7SK004,플레어니트스커트
877,AJB7VT007,베어체인조끼
878,AHK7JP007,라인패딩JP
879,AKK7SK002,J-플레어니트스커트
880,AEK1KN706,라운드 H롱 니트
881,AKK3PT006,S-시보리기모배기팬츠
882,AKL7JP002,J-니팅배색덕다운
883,BKL7MF008,핸메퍼머플러
884,AIL7DP004,하트샵자수청
885,AKL7PT003,P3-누빔조거팬츠
886,AKK7VT015,J-엘라퍼조끼
887,AKL7TS008,P4-스퀘어반폴T
888,BKL4SC008,포근니트삭스(2pcs)
889,AKL7KT008,J-스트라이프니트
890,AKK7VT026,J-모드브이니트조끼
891,AEI2SK602,토머버리 랩스타일 언밸런스 스커트
892,AEJ1KN201,슬로베니아 니트케이프
893,AJJ3PT014,S-아미배기
894,BKK7BG002,J-마킹백팩
895,ZA00CO004,카푸치노(음료)
896,AEK1PT602,오발 캐주얼 바지
897,AII3JK007,S-사선지퍼레자
898,AJK7VT007,에잇다운조끼
899,BKL4GV002,보카무지장갑
900,BJK4GV002,엄지검지터치장갑
901,BJK4SC003,메이플중목삭스(2pcs)
902,AEK1CT403,유러피안 퍼 롱 코트
903,AJK7KT005,레이즈베어니트
904,AIK3TS022,S-기모H
905,BKL7BG014,J-페페숄더백
906,AKL7DP005,P-미니스마일데님배기
907,AKA3KT014,S-플라워비즈KT
908,AJL3OP005,C-레이스니트OPS
909,AHA7OP001,옆단추OPS
910,BKL3CP002,펄링귀방울모자
911,AKI7VT008,J-야옹포켓니트조끼
912,AKK7KT023,J-레인보우니트조끼
913,AGA3KT013,C-반폴언발
914,BGL3CP001,구피양면트루퍼
915,BKL7BG004,J-댄싱숄더백
916,BIL4SB015,9189체인앵글부츠
917,BKJ4MF001,데일리숄머플러
918,BJL4MF009,양모바게트머플러
919,BJJ4MF005,라운드니트워머
920,AKJ7KT006,J-비비드폴라니트
921,AKJ3JP004,S-블럭니트집업
922,AJI7KT034,로젠니트
923,ZA00CO020,아이스카페라떼(음료)
924,BJK4GV001,워밍터치장갑
925,BKL7BG016,J-엔젤투웨이백
926,BJC4SC001,스프링삭스(3pcs)
927,BKL4SC001,레이스기모덧신(2pcs)
928,AKL7JP004,J-미들포켓덕다운
929,AKL3JK003,S-페이크퍼망토JK
930,AKL7PT002,P-버클부츠컷슬랙스
931,AIB7KT007,포켓반니트
932,AIL3TS031,Z-캐시울폴라티
933,AFE1TS303,박스단T
934,AEK1TS501,언발란스 슬림 짚업티셔츠
935,ZA00CO019,아이스아메리카노(음료)
936,AEI2VT601,몽마르뜨 니트 원피스
937,AKL7KT010,P4-제오폴라니트
938,AKK3DP003,C-포포기모부츠컷
939,AEJ2BL402,폴카 루즈핏 풀오버(빈티지)
940,AEH2PT502,레이어 스포티캐쥬얼 슬림핏 팬츠
941,AKL7KT004,J-포인폴라니트
942,AKK7JP005,J-잔체크덕다운
943,ZA00CO013,허브티(음료)
944,AKL7KT018,P3-라운드M니트
945,AEJ1JP501,롬바르드 로맨틱스포티 점퍼
946,AKC3TS015,S-텐스T
947,AJK4CT001,C-하프핸드메이드자켓
948,AEI2BL602,샌디에고 데님셔츠 점퍼
949,AKL7JP009,P3-밍크줄롱덕다운
950,AKK7VT017,J-써클퍼조끼
951,AKI3TS004,C-모크넥7부티
952,AJL3TS014,S-스피드라운드T
953,AJK3BL001,S-골드사슬T
954,AKA3TS004,C-앞절개자수맨투맨티
955,AKJ3TS002,S-퍼스널T
956,AEJ1CA501,조슈아트리 롱원피스 가디건
957,AKK7JK006,P-모던하프퍼자켓
958,BKI4SC001,코튼중목삭스(2pcs)
959,AKL7JP015,P3-퍼포켓롱덕다운
960,AKK7JK003,P-블룸퍼자켓
961,BKL4MF007,써클울양면삼각
962,AJK7KT001,그릭골지폴라티
963,AKL3JP004,C-보아털패딩점퍼(2온스)
964,BKC4MF013,몬트리마름모스카프
965,AIK7CT005,더블덤블코트
966,AHK7JP006,더블패딩JP
967,AJJ3CA004,C-니트볼레로
968,AKK7JP022,J-단가라니트후드집업
969,ZA00CO025,아이스카라멜마끼야또(음료)
970,AKK7VT006,J-컬러패딩조끼
971,AIL7KT027,빅체크터틀KT
972,AKK7VT012,J-캣라운드니트조끼
973,AJK3PT008,C-골덴패딩PT
974,BIK4CP008,알파카다운벙거지
975,AJC3TS032,Q-로운V넥T
976,AJQ4VT001,양모집업조끼
977,AEK1KN710,지그재그 브이 니트
978,BFI7MF001,트윌리3
979,AKI3JK001,C-치드레더자켓
980,BKJ4MF007,샤테잎머플러
981,AKK7JP007,J-사선셔링덕다운
982,BHC3CP010,타이다이버킷햇
983,AKK3TS018,P-보드맨투맨
984,AJL3KT018,C-쿠킹캐시반폴니트
985,AKI7WS002,J-니트배색셔츠
986,AKJ7VT005,J-스퀘어덕다운조끼
987,BKK4MF007,단가라숄머플러
988,AKL3OP002,C-니트집업원피스
989,AEJ1PT501,롬바르드 스포티 이지팬츠
990,AIB3TS024,Q-프릴진주
991,AKI7JP015,J-피크니트집업
992,AHJ7ST001,언발조끼세트
993,BKL7MF003,스퀘어니트고리
994,BGK3SB009,에이미A763
995,AKK7JP016,P-토니덕다운점퍼
996,AKB7ST002,배색스커트세트
997,AIC3TS032,S-사각나선
998,AHC3KT001,Q-핀탁긴팔
999,BLA7BG002,체스백팩(24)
1000,BKJ3CP010,체스육쪽벙거지
1001,ZA00CO027,아이스검은콩라떼(음료)
1002,AKB7OP001,라인플리츠원피스
1003,AEJ1KN501,브루클린 앙고라니트 풀오버
1004,AEI1PT302,산토리니 카울팬츠
1005,AEI2KN101,나폴리 케이프 풀오버
1006,AKL3PT004,C-호박기모팬츠
1007,AKB7JK005,핑크레자자켓
1008,AHK3CT016,S-테이프라인
1009,BKL7MF007,하운드니트고리
1010,AEK1OP101,울 셔츠 원피스
1011,AIK3CT017,Z-카라하프CT
1012,AIL3KT079,Z-핫찌니트KT
1013,AKI7VT009,J-투캣옆단추니트조끼
1014,AEI1KN701,파스칼 펄 슬림핏 니트풀오버
1015,AHI7OP001,돌돌이포켓OP
1016,BKL4GV004,안개꽃반장갑
1017,BKD7BG005,체인퀼팅가죽백
1018,AJL3PT022,S-트리코트와이드밴딩(기모)
1019,BKK4MF004,울D미니고리
1020,AJL3TS025,S-오제이T
1021,AKK3PT010,S-샤이나팔기모
1022,AIB3BL003,S-스타트베이
1023,AIK3PT022,Q-마인언발
1024,AKL3SK001,C-카고패딩기모스커트
1025,AEK1OP701,캐주얼 롱 원피스
1026,AEJ1KN401,그리피스 니트풀오버
1027,AEJ1PT401,그리피스 보헤미안 니트 팬츠
1028,AKI7JK013,J-라운배색니트자켓
1029,ALB7WS013,3-SCCSHN-심플루즈셔츠
1030,ALB7KT004,4-SCWRHN-메리노울심플니트
1031,AEJ2CA401,에스토니아 후드 롱코트
1032,BIL4CP011,펄융모자
1033,BFE2GT704,나뭇잎끈벨트
1034,BFE2GT703,포인트BAG 참
1035,AKL7JP014,P4-밍크숏덕다운
1036,BIL4CP005,타일벙거지 
1037,ALB3DP008,C-SCDXT9-캣츠와이드데님
1038,BKI7BG015,태슬크로스백
1039,BKB7BG007,폼폼숄더백
1040,AHI7WS005,루루ST
1041,AKJ7JP002,J-배색덕다운점퍼
1042,BKL7MF006,프라임퍼머플러
1043,AEH1BL102,티파니 숄더 핀턱 드레스셔츠
1044,BHJ4GT004,패션마스크2(필터교체형)
1045,AEK1CT101,햅번 패딩 하프코트
1046,AEJ1CA301,베로나 아방가르드 가디건
1047,BHE3GT003,패션마스크(필터교체형)
1048,AKK7KT008,J-엠폴라니트
1049,AEI1TS301,베네치아 프릴 터틀넥 풀오버
1050,AIL7JP028,레드롱야상JP
1051,BKC4MF031,홀스플사각스카프
1052,BHC3MF024,땡땡사각
1053,AKJ3PT001,C-포드골덴통바지
1054,AKJ7VT004,J-포켓덕다운조끼
1055,BKJ4MF009,타이숄머플러
1056,AJI7JK004,웨더데님자켓
1057,AIL7JP027,빅포켓점퍼
1058,AIJ3KT008,S-돌돌이무지
1059,AJG3PT008,S-여름면부츠컷
1060,AKI7KT003,J-래빗배색니트
1061,AKJ3TS022,C-카고맨투맨
1062,BDJ0CP012,타조꼬깔
1063,BGF3CP002,가벼운코튼벙거지
1064,BJD4CP011,하우리본햇
1065,BKE4MF001,진주망사MF
1066,BKL4SC003,베리울삭스(2pcs)
1067,AKI7WS005,J-미미데님셔츠
1068,BKD4MF014,마린니트숄
1069,AIK3PT023,Q-조잉기모
1070,BKC4MF011,플리츠MF
1071,BHJ4MF007,톤인톤그라데이션
1072,AFK3PT001,C-레자스키니
1073,AKK7VT001,J-후드덕다운조끼
1074,AIJ3PT003,S-아렌조거PT
1075,AKK3JK005,S-더블버튼자켓
1076,AKJ7JP007,J-퍼즐덕다운점퍼
1077,AEI2SK201,린츠 롱 드레스 스커트
1078,AJJ7KT005,원목폴라니트
1079,AHC3BL002,M-꽃잎레이스
1080,AGC3WS024,C-당신의봄WS
1081,AGC3PT006,C-단추통
1082,AGC3BL052,M-왈츠
1083,AGC3JP028,M-타임후드JP
1084,AHB3PT008,M-007면부츠컷
1085,AHB3PT012,Q-띠어리언발세미
1086,AHB3OP023,Q-어깨프릴OPS
1087,AGB3PT002,F-언발
1088,AII7OP002,후드롱니트
1089,AIJ7CT007,빅단추싱글코트
1090,AKK3DP006,C-포켓통부츠컷데님(기모)
1091,AJK7TS003,오엠폴라티
1092,BKI7BG024,체크버킷백
1093,AJL3KT024,C-골지반목니트
1094,AJL3VT013,C-체스니트조끼
1095,AIB7SK002,체크레이스SK
1096,AKB3PT016,S-데일리면부츠컷
1097,AII3PT019,S-시몬PT
1098,BKC4SC002,플라워삭스(3pcs)
1099,AJB7WS006,컬러아노락NB
1100,BGC3MF002,하트스카프
1101,AKL7KT006,P-골드반폴니트
1102,ALB3KT003,C-OCWRHN-캐시버튼라운드니트
1103,AIC3KT010,Q-단가라오픈카라
1104,AJK3JK009,C-후디핸드메이드자켓
1105,BHE3MF006,쁘띠주름
1106,AIC3CA007,S-프리스카시Y
1107,AJI7TS008,코마셔츠맨투맨
1108,AKK7CA001,J-헤리니트가디건
1109,ALB3PT001,C-SCCXC0-코튼세미부츠컷
1110,AKI7KT010,J-루미단추니트
1111,AFA2CT305,후드BBY
1112,AJB7TS002,꽃송이T
1113,AJH3BL003,C-조크BL
1114,AJQ4JP005,폭스후드구스점퍼
1115,AKB3ST003,C-캐시골지니트앙상블
1116,BKC4MF002,나비꽃머플러
1117,AEJ2CT101,다우리버 자카드 페미닌코트
1118,AJB3VT005,S-떠블조끼
1119,BGD3MF009,MC꽃마름모
1120,BGD3MF001,체크하트
1121,AKK3TS014,C-러빙기모맨투맨
1122,AKC3PT004,C-테잎시보리밴딩조거팬츠
1123,AKC7KT005,베이직포켓KT
1124,AKB3JK005,S-들장미롱JK
1125,AJC3TS035,S-내츄럴T
1126,BKI7MF002,에코도트머플러
1127,BIC4MF004,꽃든수채화
1128,AKC3OP016,S-핀턱데님OPS
1129,AKJ7JP004,J-웨이브덕다운점퍼
1130,AKI7TS003,J-영문스타T
1131,BKB4MF011,벚꽃레이스머플러
1132,AJI4BL001,M-로우펄BL
1133,AJI7SK003,퓨즈니트스커트
1134,BJJ4MF001,주름H
1135,BJF4GV001,꽃망사장갑
1136,AFA2VT902,쇼바리V
1137,AKI7CA005,J-자수라운드가디건
1138,AIC7SK002,조각SK
1139,AIC3SK010,S-쥬니스커트
1140,AKK7VT008,J-포리덕다운조끼
1141,ALB7JK007,J-OCDSHC-가든데님자켓
1142,AHB3KT013,M-쿠치R
1143,ALB7WS011,J-FCCSON-봄플라워셔츠
1144,BHE3MF015,땡땡이마
1145,AJC7OP004,셔츠프릴OP
1146,AIC7TS002,레이어드MTM
1147,AKI7KT016,J-위드폴라니트
1148,AKI7KT028,J-블루포켓니트
1149,AEK2PT707,배색 부츠컷
1150,BHB3MF004,미니가오리
1151,AKI7PT001,J-플라워와이드데님배기
1152,AJI3PT006,C-항아리뒷밴딩PT
1153,BKI4SC004,포인트삭스(2pcs)
1154,AHD3DP005,S-스마일청
1155,AKJ7PT001,J-원밴딩와이드팬츠
1156,AEK1VT601,플라워 프린트 패딩 베스트
1157,AKC3PT001,C-세느와이드코튼팬츠
1158,AKB3BL009,S-이고소매
1159,BGC3MF023,텐샬악보
1160,BHB3MF008,샤프란롱머플러
1161,AIB3SK006,Z-카밀트렌치스커트
1162,BHE3MF002,핀코드
1163,AFA2KT707,모네타니트
1164,AIK7TS003,센터자수반목T
1165,AEK2PT702,겟 잇 정장 부츠컷
1166,ALB3TS002,C-OCMDHN-트리밍후드티
1167,BKI4SB012,다이아비즈플랫(6613-2)
1168,AIC3OP005,S-바이오면OPS
1169,AEH2OP201,레트로 바비 원피스
1170,AKB7SK001,시티플리츠스커트
1171,AIL3BL002,S-벨벳반목BL
1172,AKK3JP006,S-오르후드JP(2)
1173,ZA00CO009,핫초코릿(음료)
1174,AEI2SK601,캘리포니아 티어드 드레스 스커트
1175,AJC3JK014,Q-아뜰리Jk
1176,AKI7KT004,J-레이스네크KT
1177,AIB3JK001,S-스미스구제청JK
1178,ALB3PT002,C-SCCXT0-캔디와이드팬츠
1179,AKC3PT002,C-뒷시보리배기밴딩팬츠
1180,AJC3PT027,S-소토리PT
1181,AHC3OP023,M-배색원피스
1182,AIC3VT008,Z-여인조끼
1183,BLC4MF003,버터플라이마름모
1184,AKI3PT016,C-시크릿밴드배기
1185,BKD4SC008,발목레이스양말(2pcs)
1186,BKD4SC013,심플골지양말(2pcs)
1187,AGI3DP005,M-1025워싱데님
1188,AGI3PT002,M-가을루카
1189,AIC7TS001,유라인TS
1190,AIC3OP009,S-매니셔츠OPS
1191,AKJ3TS013,C-모던소매핀턱티
1192,ALC4JK001,C-ZFECHN-트위싱글자켓
1193,AKB3CA008,C-캐미투포켓오픈가디건
1194,AJC3DP008,C-그링I청
1195,AKB3CA009,S-B단추가디건
1196,AIG3PT009,S-새틴PT
1197,AJI7KT009,컬러카라니트
1198,AEK1SK601,얼반 패딩 스커트
1199,AJL7CA001,꽃카라가디건
1200,AII7OP003,단프릴셔링OP
1201,AKB7KT005,미유폴라니트
1202,ALB3CT002,S-SSPCAF-솔리하프BBY
1203,AJB3PT004,C-빅와이드PT
1204,BLC4MF013,에이치롱머플러
1205,AJI3JP009,S-고방지퍼오픈JP
1206,AJB3KT017,S-이공브이KT
1207,AGI3CA017,M-가디건7889
1208,AGB7KT018,D-2줄펄니트
1209,BGK3MF004,삼각바둑
1210,AEJ1CT401,스톡홀름 코튼레더 점퍼 자켓
1211,AKI3BL008,C-차이나시스루BL
1212,AKI3WS002,C-멜로포켓셔츠
1213,AJJ3WS002,C-프링체크남방
1214,BKC4MF001,색동나비꽃MF
1215,AJJ3CA005,S-플리가디건
1216,AJB3DP004,S-제니청부츠컷
1217,AEH2BL101,렛 더 굿 스트라이프 셔츠
1218,AJC3TS046,S-플라후드
1219,AKB3WS011,S-옆꽃자수롱NB
1220,AIC3KT007,S-비쥬RT
1221,AGC3KT011,C-알티브이
1222,AKI3JP004,C-포니숏점퍼
1223,AEJ2OP401,아키히바 패치워크 원피스
1224,AJB3CA001,C-마이캐시RY
1225,ALB3CT001,C-SSCTOL-베라트렌치코트
1226,AKI3WS009,S-캐릭카라셔츠
1227,AKK7JP017,J-팝핑덕다운점퍼
1228,AJC3VT006,Z-버디트렌치VT
1229,BDC3MF001,실크스카프
1230,AEK1VT401,가죽 롱 원피스코트
1231,AEK1PT601,플리츠 캐주얼 바지
1232,AJJ7KT006,라인폴라니트
1233,ALC3JP002,C-OCPDHN-테잎후드JP
1234,BLC4MF010,펄사넥워머
1235,BJB7BG011,튤립가죽백
1236,AKI7CA012,J-라인니트가디건
1237,AFJ7CA007,C-단추오픈가디건
1238,AIB3TS015,M-이자벨P
1239,ALB7JK004,J-SC2TSC-핑크라이더자켓
1240,AIC7OP010,레이포인OP
1241,AJI3JP007,C-뒷셔링점퍼
1242,AKC3OP023,S-허리조절후드OP
1243,AIB3OP003,Q-밴딩데님롱OPS
1244,AKC3SK004,C-컬링플리츠스커트
1245,AJC7TS003,세미T
1246,AFA2CT309,막스CT
1247,AKI7CA002,J-스타홀스가디건
1248,BKC4SC001,키키롱삭스(3pcs)
1249,BLC7BG009,J-비즈지퍼백팩
1250,BIC4CP014,한지뒤접힘벙
1251,AGB1JP005,C-카스야상
1252,AJB3CT001,Z-띠어리BBY
1253,AEH2PT701,나인온스 어빌리티 베이직 스키니진
1254,AIC3KT003,Q-레이스무지KT
1255,AKB3KT003,S-스퀘어말KT
1256,AKC3JK019,C-노카라레자자켓
1257,AIC3TS055,Z-날라리단추
1258,AEH2BL401,채러티 워싱 웨스턴셔츠
1259,AEI2CT401,시애나 야상점퍼 자켓
1260,AJE3PT003,Q-뉴8부나팔
1261,AJG3PT017,S-망고찰랑PT
1262,AJD3PT001,Q-클린통바지
1263,AKK7VT019,J-멜로우니트조끼
1264,ALB7WS001,J-OCDSHN-토끼자수데님셔츠
1265,AHC3SK003,S-레이스SK
1266,BHC3BG004,멀티윈통배낭
1267,BHE3BG003,리버체크
1268,BHI7BG022,체크미니토트
1269,BIG4BG007,고양이폰크로스
1270,BDF0BG004,대나무숄더(D872)
1271,BEK2BG001,1728 스타백팩
1272,BFJ7BG022,호피가방벨트
1273,BGD7BG051,퀼팅슬링백
1274,BGL3BG006,핸드폰지갑
1275,AJL3SK005,S-도톰카고SK
1276,BIE4GV003,핑거레이스장갑
1277,ZA00CO008,카라멜마끼야또(음료)
1278,AJI3BL008,C-세리배색BL
1279,AJI3PT013,C-세리배색조거
1280,AHB3KT004,M-소매단추
1281,ALC7VT001,J-SCPDHN-후드스트링조끼
1282,BKI7BG006,미니투웨이백
1283,AJF7ST002,옆사선ST
1284,ALC3KT004,C-OCARHN-구슬망니트
1285,AGI7PT001,M-타샤니SL
1286,ALB7JK006,J-OCDFHC-차이나데님자켓
1287,BEC0MF002,무지(2pcs)
1288,BJB7BG004,셔링쇼퍼백
1289,AJI3TS018,C-체르카라T
1290,AJB7JK015,벨트네크JK
1291,AIC3TS062,Z-레인보우T
1292,AJC3KT002,S-긴팔라운드
1293,AKB3BL021,S-다이블BL
1294,AIJ3PT023,S-제인배기
1295,BGC3MF009,컬러풀무지SET
1296,AIB3TS039,S-파스텔작은카라
1297,AJI3PT009,C-토리배기
1298,AIB3PT015,S-오즈체크
1299,AKI3VT001,C-트렌치롱베스트
1300,ALC7SK001,J-SSPXAL-제이니스커트
1301,AHC3TS037,Q-미후드
1302,ALC7TS004,J-TCCRHN-니쥬단맨투맨
1303,AIJ3CT002,Z-후드하프버버리
1304,AGC3CT002,A-주름BBY
1305,AJB3CT002,Z-조셉샤틴BBY
1306,BKI4SB005,삼색스니커즈(6806-2)
1307,AIC3KT008,S-보들V
1308,BIC4CP018,주름두건캡
1309,ZA00CO015,복숭아아이스티(음료)
1310,ALC3JP001,S-SCPDHN-미소테잎JP
1311,BJC4MF010,지브라삼각스카프
1312,AIC3OP020,S-주름원피스
1313,AKI3PT004,C-밴딩코튼통바지
1314,AJC7KT001,7부파스텔니트
1315,AEI2SK401,나탈리 머메이드 데님스커트
1316,AEK1CA701,오픈 롱 가디건
1317,AHC3TS069,S-레이스티
1318,BJF7BG004,너츠가죽백
1319,AHB3JP005,M-BNX숏JP
1320,AKB7CA004,뮌헨카라가디건
1321,ALC3BL001,C-SSCRHC-퍼프코튼BL
1322,AKB3OP002,C-카라배색니트원피스
1323,AFA1VT101,모던VT
1324,AIJ3JK005,Z-토토모멜
1325,AKI3BL014,S-오즈나염BL
1326,BHG7BG022,트윙클조리
1327,BHB3MF010,레이스
1328,BFE2MF309,세실 레스
1329,AGJ7VT005,라이더VT
1330,AHJ7WS002,체크끈남방
1331,AKI3BL011,C-바셋노방주름BL
1332,AKI7BL002,J-브이니트조끼BL
1333,BIC4MF003,실크주름
1334,ALC4JK002,3-SSPCAN-플리츠자켓
1335,AIC3OP018,S-미니버스원피스
1336,AIB3OP004,S-데님벨트롱OPS
1337,AKB3KT012,S-카라KT
1338,AKC3TS008,C-모달스판골지9부티
1339,AJC7CA002,루시크롭Y
1340,KJI7AC015,K델로니트
1341,AKI3PT014,C-데일리코튼부츠컷
1342,BGE3MF003,큰꽃반
1343,AIC3OP015,S-기하학OPS
1344,AKB3PT012,C-밴딩버튼배기팬츠
1345,AEI2BL601,앤 프릴숄더 자수블라우스
1346,AIC7TS003,리프TS
1347,AIF3TS024,S-트임진주
1348,AJD3VT003,C-레브VT
1349,BKC3CP003,망사비즈블랙
1350,AKB3CD001,S-세라큐빅집업
1351,ALC3KT003,C-OCADHN-시스후드니트
1352,ALB7WS010,J-FCCSON-열대꽃셔츠
1353,BKD4SC012,다중면덧신(2pcs)
1354,AEH2JK201,플럼 솔리드 블루종 자켓
1355,AJJ3TS004,S-옆셔링반폴티
1356,AJB3DP001,C-빙고절개청
1357,AGH3PT006,M-바이커팬츠
1358,AEK2PT706,스키니 코팅진 기본 바지
1359,AKI3DP007,C-워시통데님
1360,AIC3TS018,Q-골지라운드
1361,BLC7BG011,J-마리사선백팩
1362,BLC7BG006,J-비즈래빗백팩
1363,AGD3TS032,M-라운드5부
1364,ALD3VT001,3-SSCCHN-무지카라조끼
1365,AIC3TS001,S-걸즈T
1366,AIB3OP009,S-베라왕OPS
1367,AEK1TS703,라인 롱 티셔츠
1368,AIC7TS008,반오픈카라T
1369,AGF3PT002,M-벨라PT
1370,AIC7PT004,앞카고PT
1371,AKB3BL001,C-소프트타이블라우스
1372,ALD3JP001,3-SCPHHN-마이점퍼
1373,ALD3OP006,3-OCCSXL-민트나염OPS
1374,BLD4CP002,마스크플라워모자
1375,ALC3TS005,C-OCCRHN-하트코인7부
1376,AGC1BL001,A-내추럴BL
1377,AKC3VT006,C-뒤트임V조끼
1378,AKI3WS001,C-포켓뒷주름셔츠
1379,AKI3PT010,C-트라이앵글통바지
1380,ALD7BL001,J-SCCRHN-앞셔링BL
1381,AEI1PT301,라미에 니트 터키쉬 팬츠
1382,AKI3KT001,C-보니카라단니트
1383,ALD3WS004,3-ECCSHN-버드셔츠
1384,BID4CP013,빅라벨한지버킷
1385,AEH1OP301,젠 텐셀오간자 셔츠드레스
1386,AJB3PT007,C-206색색PT
1387,BKC4SB006,컬러매쉬(7000)
1388,BKI4SC007,펄사덧신(2pcs)
1389,BJF4GV004,손등레이스
1390,AGC3TS004,A-마인
1391,AFI3PT002,F-클래식
1392,AJB3ST002,Z-청전사지ST
1393,AFE5TN301,쿨끈N
1394,ALC7OP001,J-SSARAL-모던니트원피스
1395,BJD4MF012,폴링마름모
1396,AKI7JK002,J-워싱데님자켓
1397,AJC3PT025,C-빌리주름PT
1398,ALB3DP001,C-SCDXT0-내츄럴세미통
1399,ALC3JK006,3-OCCRHN-포켓진주청JK
1400,AIB4BL002,S-모던체크BL
1401,AKI3BL006,S-리치7부BL
1402,BIJ7BG008,가죽슬링백
1403,AJI4PT001,M-로우펄PT
1404,BKG4CP002,웨이빙햇
1405,AJC3PT012,C-몽쉘배기
1406,AIC3JK014,Z-랩체크JK
1407,AJI7JK002,레이스청자켓
1408,BLD4MF002,망사진주머플러
1409,AJG4PT002,S-까실나염9부
1410,AKI7DP001,J-앵두와이드데님배기
1411,AHC3BL019,S-발렌TY
1412,AII3JP008,S-베르베르JP
1413,AGI3JP013,S-데님야상
1414,ALC7DP001,J-OCDXB9-영문데님배기
1415,AIB3PT007,Z-쓰리통
1416,BGD3MF002,히치하이킹
1417,BKE7CP004,심플고리햇
1418,BKD4SC014,컬러반롱삭스(2pcs)
1419,ALC7OP003,J-SCTRHL-니트플리츠OP
1420,BIC4MF014,올리비아
1421,AIB7PT001,밑단턱밴딩PT
1422,AIB3PT011,Q-줄리SL
1423,BKG4GV003,도트반토시
1424,BKD4GV008,무지반장갑
1425,BEC0MF017,TW
1426,ALC3KT001,C-TCARHN-크로바단니트
1427,AKJ3TS007,C-마리폴라티
1428,BLD4SB010,그린가죽스니커즈(R101)
1429,BII4CP021,트위드격자벙
1430,AJI3PT001,C-샤이코튼일자
1431,BKG4MF002,플라워인견머플러
1432,BIB4MF004,패턴사각
1433,AKC7SK002,그린플레어스커트
1434,AKI3BL010,S-스티치카라BL
1435,AII3TS029,S-단작V
1436,BGI3MF037,미니리본
1437,ALD7TS003,J-OCCRHN-파인T
1438,AKE3JP009,S-디프숏점퍼
1439,BFA2MF320,804버버리
1440,AIC3BL021,S-수채도트이자벨BL
1441,AJB4JK001,S-파인단추JK
1442,AIC3TS043,S-데일리후드
1443,AIC3TS015,S-페인트티
1444,ALC7TS005,J-OCCCHN-배색카라맨투맨
1445,AKI7TS001,J-퍼프셔링후디
1446,AKE3BL002,C-아레나BL
1447,AIC3TS065,Z-자개단추T
1448,AIJ3PT016,S-쭈리조거팬츠
1449,ALD3JK005,3-SSLCHF-시엘린넨JK
1450,AKI3PT008,C-버티배기팬츠
1451,ALC7BL010,3-SSCNHF-라운드넥BL
1452,BKI4MF002,레이스큰꽃
1453,ALD3PT007,3-SCPXB8-알라딘배기
1454,ALC3DP001,C-SCDXT9-소이통데님
1455,AKF3BL007,S-시크태슬BL
1456,AKG4JK002,Z-퍼프브이넥자켓
1457,ALC3JK005,3-SCPCHN-스티치합포JK
1458,AJI3BL003,C-시스루블라우스
1459,BH00MF001,큐티사각(1+1)
1460,AHF3TS034,M-기획베이글슬럽T
1461,AKC7KT007,프라하퍼프KT
1462,ALE3JK005,3-SSPDHN-미니후드JK
1463,BKI4SB007,삼색쿠치(86)
1464,AKB3BL018,S-넥프릴소매쉬폰
1465,AKG7BL007,J-산토스린넨BL
1466,ALC3JP011,3-SCPMHN-프리후드JP
1467,AJC3OP002,C-지엔OPS
1468,AKF3JP002,C-러블리셔링점퍼
1469,BII4SC001,여패션양말(2pcs)
1470,AGC3OP031,C-로렌원피스
1471,AKD3JP008,C-위얼후드점퍼
1472,BEC0MF012,겐죠2
1473,AKE3OP015,C-웨스트셔츠롱원피스
1474,AKC3JP020,S-럭스숏점퍼
1475,AIB3OP013,S-컬러랩원피스
1476,ALC7BL001,3-OCTRHN-오브니트블라우스
1477,AJF3PT014,C-로렌8부
1478,AKC7KT004,반폴캡소매니트
1479,AGE3JP005,M-마인st점퍼
1480,AID7PT009,빅밴딩PT
1481,AKF7WS003,버튼7부셔츠
1482,AHI7WS010,어텀NB
1483,AKH3BL027,L-진주린넨BL
1484,AKI3BL004,C-제이드BL
1485,AJI7KT003,심플골지니트
1486,AJE3BL009,C-폴링BL
1487,AKC7WS005,프리셔츠
1488,AJC7JK002,체커그린청JK
1489,AJE3TS010,Q-티몬
1490,AIF3DP003,S-에어구제일자
1491,AIG3PT016,S-줄도트쉬폰통바지
1492,ALD3CA002,3-SCAVHN-스카시가디건
1493,AKE7WS002,린넨7부셔츠
1494,ALC7SK002,J-SCPXHL-레이스롱스커트
1495,AKH7KT002,J-래핑니트
1496,AJF3PT036,C-프루트통
1497,AKH7BL001,J-린넨카라BL
1498,AJE4VT002,M-헤링라운드VT
1499,AHF3TS005,Q-투게더지퍼
1500,ALD3JK004,3-SSLCHN-로에린넨JK
1501,BKG4GV002,지그망사반장갑
1502,AKF3WS004,S-라인카라셔츠
1503,AKI3DP005,C-니콜슬림일자데님
1504,AJE3DP007,C-아이스배기
1505,ALD7KT003,J-OCARHN-아트KT
1506,BFI3MF011,무지SET
1507,AKH7OP002,J-체크린넨OPS
1508,AJB3WS001,S-니모NB
1509,AJB3BL003,C-숄더파스텔퍼프
1510,BFE2MF305,벚꽃진주(2꽃)
1511,BFE2MF306,벚꽃진주(잔꽃)
1512,AJF3PT027,C-레어일자PT
1513,ALD3SL001,3-SCPXT9-스텝슬랙스
1514,BKJ4SC001,체키삭스(2pcs)
1515,AJI7JP001,데일후드점퍼
1516,AKE3PT011,C-일자블랙진
1517,ALB3DP002,C-SCDXC9-이브커팅부츠컷
1518,ALD3OP004,3-OCTHXL-후드니트OPS
1519,AID3CT001,S-루인CT
1520,AJH7PT001,옆포켓밴딩PT
1521,BGC3CP008,스테치리본엘벙
1522,AIK3DP002,S-딜라잇일자
1523,ALE3JK009,3-TCCRHN-세로줄JK
1524,BIK4MF006,컬러어깨머플러
1525,BLD4SB005,리본뮬플랫(632-6)
1526,AGC1TS002,C-밀크T
1527,AKE3OP003,C-심플반팔원피스
1528,AHE7KT009,반가라KT
1529,AKD3TS050,C-슬라브7부티
1530,AHE3OP062,S-더블단추자켓OP
1531,BLD4SB003,곰자수단화(5815-2)
1532,ALD7DP001,3-SCCXX9-밴딩와이드데님
1533,AKI3BL028,S-미니차이나BL
1534,AJH3TS020,S-고리셔링T
1535,AHF3KT010,Q-진주양두
1536,BHE7BG016,펀칭숄더
1537,BKI4MF001,다이아레이스
1538,BLD4CP008,패치캡모자
1539,AKF3DP015,C-커팅와이드데님
1540,ALD3JK009,3-TSLTHN-린넨줄JK
1541,ALB3DP006,C-SCDXC9-히든워싱부츠컷
1542,AJF3KN002,C-앞진주골지나시
1543,BKC3CP008,레인비즈야구모자
1544,AKI7WS003,J-빈티지체크셔츠
1545,AKD4TS002,S-이중망사반폴티
1546,AKH3BL002,C-린넨프릴BL
1547,ALC7BL011,J-SSCRHF-7부퍼프BL
1548,ALE3OP007,3-OCPCZL-니트카라지퍼원피스
1549,BKC4MF028,라인자수손수건
1550,BFE2MF307,벚꽃진주(1꽃)
1551,BLD4SC007,스프링플라워삭스(2pcs)
1552,AKE3PT018,C-뮤랑와이드슬랙스
1553,AKE3PT039,S-펑키포켓배기
1554,BHJ4MF008,꼬마쉬폰스카프2
1555,AKE3CT002,S-뒷날개패치CT
1556,AKE3WS013,C-케인린넨셔츠(23)
1557,AIG3PT017,S-플리츠쉬폰통
1558,AEH2OP501,엘레강스 스포티 코튼린넨 슬리브리스 원피스
1559,AKD7KT005,빅카라퍼프니트
1560,AII3PT003,Q-핀탁부츠컷
1561,ALE3TS017,3-TCACSN-슬림영문카라KT
1562,AJF3PT029,S-코코반PT
1563,AIG3PT021,S-에스티7부
1564,BKE3BG001,심플미니크로스백
1565,BJF4SB011,홀리스니커즈(5230)
1566,BHG4MF008,레이스인견
1567,AKC7SK001,치프플리츠스커트
1568,AKD7KT002,진주배색하프니트
1569,BKI4SB010,슈거하이탑(0019)
1570,BLC4CP005,텐셀오리벙
1571,AKF3OP004,C-셔링벨티드원피스
1572,BKE4SB006,레터링끈장식(A1830)
1573,AKD4PT003,S-카고조거팬츠
1574,AKI3PT030,S-언발배기팬츠
1575,AKE7WS003,포켓린넨BL
1576,ALE7PT003,3-SSPXT9-살랑PT
1577,AKG3OP017,C-언발쉬폰나시OPS
1578,AKD3BL001,S-세로줄블라우스
1579,ALE3PT004,3-OCCXB9-포켓카고배기
1580,BKE4SB001,레터링펄메쉬(9102)
1581,AKD3PT015,C-벨라와이드슬랙스
1582,AKD3CA004,S-카사롱가디건
1583,AJF3PT003,C-리버배기
1584,AIE7TS004,릴베어T
1585,ALD3TS013,3-OSCRHN-드림퍼프T
1586,AKH3DP001,C-루루포켓데님배기
1587,AEC1PT006,폴로
1588,AKC3OP005,C-반오픈롱셔츠원피스
1589,AKD7TS001,블루꽃스판T
1590,AJF4PT001,S-브이츄리닝
1591,AJE7TS002,베스플라워T
1592,ALE7VT001,3-GCCRHN-페이즐리조끼
1593,AIC7OP006,단추꽃OP
1594,ZA00CO011,유기농녹차라떼(음료)
1595,AKD7KT008,브이단추니트
1596,ALC7KT002,3-OCAVHN-와플브이니트
1597,BKB4MF008,물방울마름모
1598,AIF3KT008,S-자수니트V
1599,AIG3PT042,Q-이지마통
1600,AJE3TS016,C-바움T
1601,AKG3PT002,C-에즈일자팬츠
1602,AIF3ST013,S-탑린넨SET
1603,AKD3BL009,S-체인홀리BL
1604,AIC7SK003,빅플SK
1605,ALE3VI001,3-SCARHN-라운드망조끼
1606,AKD3VT003,C-파파니트조끼
1607,AJF3BL023,C-바닐라BL
1608,BHC3MF025,쁘띠플라워
1609,AKF3BL011,C-소매꼬임블라우스
1610,AHG7BL034,주름스트링BL
1611,AJH3BL034,S-레인보우BL
1612,AHH3TN003,L-시크릿나시
1613,AIC3SK005,S-쏠라주름SK
1614,ALE7BL002,3-OCPVHN-베스프릴BL
1615,AKH3SK002,C-체크사각주름SK
1616,BHG4SB007,911-1레이스슬립온
1617,AKC3TS021,C-조각상TS
1618,AHG3BL006,Q-랄프NB
1619,AKF3WS006,Z-비조소매셔츠
1620,BLD7GT001,3-미니카드지갑
1621,AID3PT024,S-씨유면부츠컷
1622,AKD3DP003,C-뒷밴딩보이핏데님
1623,AKE7PT002,끈와이드PT
1624,ALE3JP009,3-OCPRHN-러브프릴JP
1625,AII3OP005,S-유니콘롱티
1626,ALE3OP006,3-SSPVXL-셔링브이OPS
1627,AKD3VT001,C-러블리니트조끼
1628,ZA00CO052,복숭아아이스티(3500)
1629,AKD7PT003,배색끈와이드PT
1630,AIG3TS027,S-20337진주장미
1631,BLA7BG017,Z-마린백
1632,ALE3KT002,3-SSAVHN-린넨홀가V니트
1633,BJF4SC001,인견망사카바
1634,AKF7OP001,앞주름린넨OPS
1635,AKD7KT004,버텍스KT
1636,ALC7WS001,3-CCCSHN-써니체크셔츠
1637,ALE3JK001,3-TSLCHN-린넨포켓이중자켓
1638,AKD7TS005,반폴하프T
1639,AKF3VT005,S-스트링롱조끼
1640,AKH3OP017,S-시스OPS
1641,ZA00CO028,아이스녹차라떼(음료)
1642,AKE7TS003,미니하트T
1643,AKC3CA002,C-레이스플라워퍼프가디건
1644,ALE3BL003,3-SSPRON-벌룬퍼프BL
1645,AFE5BL309,521
1646,AKE7PT004,심플린넨배기
1647,ALE3JK010,3-OCCCHN-투포켓삥줄JK
1648,ALE7KT002,3-TCAVHN-리본V니트
1649,BFE3MF701,배색롱머플러
1650,AKD3JK003,C-단트위하프자켓
1651,AGG3JK002,Q-칼라스H
1652,AJH3JK002,C-느엔롱JK
1653,ALE3OP012,3-OCPSXL-레터링카라OPS
1654,BKB4MF009,이중꽃레이스
1655,BJC7BG011,가죽격자숄더백
1656,AKI3BL025,S-폴로나염BL
1657,BLD4CP005,투톤클래식벙
1658,AFA2BL701,시스루리본BL
1659,AJH3OP040,S-허리주름점프수트
1660,AID3DP005,Q-청V멜빵PT
1661,BID3MF002,칼주름
1662,AHF3BL002,Q-진주BL
1663,AIH3BL013,S-Y절개어깨BL
1664,AKH3KN001,C-어깨장식KN
1665,AJE3TS045,C-수피마U넥
1666,AKD4PT006,밑단레이스체크바지
1667,BHG7BG006,사다리도트백
1668,BLD4CP001,한지볼캡
1669,AHF7WS003,주름포켓남방
1670,ALE7WS001,3-FCCSHN-스트링꽃셔츠
1671,BKI7BG010,모던가죽끈크로스백
1672,AJE3KT006,S-버튼V넥KT
1673,AJF3KN001,C-니팅나시
1674,AID7BL017,파티블랑
1675,ALE3KT004,3-SSLRHN-홀가라운니트
1676,AJH7BL010,쿼티단추BL
1677,AKC7KT003,배색라인반팔니트
1678,AIE3ST004,S-고무줄ST
1679,BHK7BG033,베이직크로스백
1680,AHG7OP020,러플장식OP
1681,AHC3TS049,M-트리
1682,ALE7KT003,3-OCARHN-메이배색니트
1683,AJE3TS036,C-소프트V넥
1684,AHE3CA008,Q-페퍼배색Y
1685,AID3BL032,S-마날개BL
1686,ALE7JK002,3-OCCCHN-포지데님자켓
1687,BKE7GT001,나비부채
1688,AIB3PT002,Q-컬러다트배기
1689,BJF4SB006,오브제펌프스(D003)
1690,ALF3OP003,3-SSPSXL-유앤OPS
1691,ALF7JP002,3-SCLRHN-스트링린넨JP
1692,BLF4GV001,패턴장갑
1693,ALF3JK007,3-SSLSHN-로니JK
1694,AHF3WS004,S-펀치셔츠
1695,AJE3TS048,C-클래시V넥
1696,AIH7BL006,그루트BL
1697,AKD3PT011,S-주름조거팬츠
1698,BGD3MF011,린넨머플러
1699,AKF7OP005,글램OPS
1700,AKF3JK018,S-끈날개JK
1701,AHD3TS025,S-콜라T
1702,AJD7TS002,월드T
1703,AHG7TN001,뒷레이스캡
1704,BJE4MF006,마르삼각
1705,AHE7KT006,입술니트
1706,ZA00CO012,홍차티(음료)
1707,AKG3OP005,O-토리셔링원피스
1708,BLF4MF002,플라워마름모(대)
1709,AGH3JK004,Q-시보리리즈JK
1710,AIF3TS056,S-스마일반팔
1711,BLF7BG002,J-듀얼웨이백팩
1712,ALF3JK003,3-OCPRHN-뒷자수JK
1713,BHG7BG005,버터플라이크로스
1714,ZA00CO014,레몬아이스티(음료)
1715,AIG3CA004,S-진주플라워가디건
1716,AKF3DP013,C-아이즈부츠컷데님
1717,AHF3CA002,Q-캉캉Y
1718,BHG4MF006,무지레이스 
1719,AIF7TS005,체크배색T
1720,BGF3MF002,면무지삼각
1721,AKE3JK007,S-투포켓퍼프JK
1722,AIG3PT036,Q-단포켓단추
1723,AKD3CA001,C-지그스카시가디건
1724,ALF3BL003,3-OCPSHN-스티치카라BL
1725,AIF7TS021,배색트임T
1726,ALF7BL002,3-OCPRHN-컬링플리츠BL
1727,AKE3BL005,C-카라퍼프BL
1728,BLF4MF003,진주망사프릴
1729,BJE4CP006,리프벙거지
1730,AKE3PT035,C-케이단추배기
1731,AGE3TN001,M-레이스나시
1732,AJF4OP003,S-코어OPS
1733,AKG7BL011,셔링린넨퍼프BL
1734,AGD7OP013,스케쳐스
1735,AKG3OP011,C-비비드원피스
1736,AID4BL001,S-나염끈BL
1737,AKF3WS007,C-시리린넨셔츠
1738,AIG3WS004,S-실키롱NB
1739,AKI7KT007,J-심플단니트
1740,AJE3SK001,C-플리SK
1741,BJB7BG005,스퀘어가죽백
1742,AHF3TN009,Z-유니워싱나시
1743,AKH3BL026,L-퍼프체크BL
1744,AHE3KT002,M-헤라V
1745,ALF3TS001,3-SCLRHN-린넨왕관T
1746,ALG3OP001,3-FCPVXL-라라OPS
1747,AID3OP016,Z-코아OPS
1748,BKE4CP002,뒷단추썬캡
1749,AKH3BL003,C-에스닉날개BL
1750,ALG3SK002,3-OCPXXL-레쉬SK
1751,AHE3TS050,M-팔레트V넥
1752,AJE7PT002,큐티배기PT
1753,AKH3WS007,L-도트카라나시
1754,AKF7WS001,프린묶음셔츠
1755,AKG3BL011,S-뒷리본블라우스
1756,AIH3OP012,S-V샤링OPS
1757,AJF3PT015,C-마리마통
1758,AKE3PT004,S-투단추린넨통PT
1759,ALC7BL008,J-SSCRHF-소매묶음BL
1760,ALF3DP001,3-SCCX15-콤비하프데님
1761,AGG3VT010,S-마롱조끼
1762,ALF3OP007,3-SSNRHL-허리스트링OPS
1763,AKF3JK001,C-페브린넨JK(23)
1764,BKE4SB007,심플끈샌들(5407)
1765,ALG3TS002,3-OCCRHN-로터스T
1766,BLF4GV004,패턴중장갑
1767,BGF3CP003,지사패드썬캡
1768,BKI7BG014,클리어꼬임백
1769,AID7PT006,도트면PT
1770,AGD7PT003,웨빙SL
1771,BLF4CP007,싱글리본벙거지
1772,AID7WS004,반소매나염NB
1773,ALC3BL002,C-OSCSHN-포켓자수BL
1774,ALF4BL001,3-SSPCHC-에일크롭BL
1775,ALF3JP005,3-OCNDHN-메쉬아노락콤비점퍼
1776,AKH3PT011,S-린넨주름반바지
1777,BLF4CP010,왕골중절모
1778,AIG3OP035,S-뒷리본원피스
1779,ALE3TS014,3-OCCRHN-더펄T
1780,BKE4SB008,내추럴끈샌들(5405)
1781,BJE4CP021,버킷니트썬캡
1782,AID3OP039,S-민들레스모크OPS
1783,AIE7BL005,타이프릴BL
1784,AJE3JK006,Z-모비JK
1785,AKE3BL014,S-로마나침반BL
1786,BLG4GT001,자외선풀마스크
1787,ALG3OP005,3-SSPNXL-시크OPS
1788,ALE3ST001,3-SCCRHN-쁘띠ST
1789,BLF4CP008,에스닉뜨개벙거지
1790,BKH4CP001,투톤밀짚버킷햇
1791,ALG3WS002,3-ZCLSHN-도트린넨셔츠
1792,AHE3PT042,S-체크바이크
1793,AJG3DP005,C-리지4부청
1794,AIF3TS043,S-A곰자수
1795,AIE3CA001,S-패션니트CA
1796,AJE3TN003,Z-데이이중나시
1797,ALG3TS012,3-OCCRHN-본에즈T
1798,AHE3TS047,S-브루클린T
1799,AFE2TS733,꼬임반팔티
1800,AHG3TS059,S-트임칠티
1801,AKD4PT007,Z-시보리밴드SL
1802,BID7BG033,에이플백팩
1803,AGG3VT008,S-헤라조끼
1804,ALF7JP001,3-SCLRHN-스윙린넨JP
1805,ALG3TS019,3-OCCRHN-이프T
1806,BKD7BG002,라카가죽백
1807,AJE3OP002,S-무브캉OPS
1808,AJF3PT033,C-레터맞주름통
1809,AKD3DP001,C-핀턱와이드데님팬츠
1810,AHH3BL008,L-스퀘어BL
1811,AJF3OP002,C-크리플린넨OP
1812,AJD7JP005,셔링스루JP
1813,ALG7PT007,3-ECCXT9-도트와이드팬츠
1814,BIC4MF013,에바넥머플러
1815,AJE3PT012,C-쿨링8부SL
1816,ZA00CO026,아이스초코릿(음료)
1817,ALG7PT004,3-ECCXT9-블랙도트팬츠
1818,AKF7PT003,스티치포켓린넨PT
1819,ALG7TS001,3-FCCRHN-잔꽃T
1820,BHE7BG017,PV데이지크로스
1821,AHC3CA014,M-샤인롱CD
1822,AKF7OP003,핑크꽃데님OPS
1823,ALG3PT004,3-SCPXT5-모던5부팬츠
1824,BLA7BG004,J-세로지퍼백팩(24)
1825,AJE3PT004,Q-워터조거
1826,BKI4SC006,웨이브삭스(2pcs)
1827,ALG3OP004,3-SSPNXL-날개러플OPS
1828,AGG3OP030,S-215나염OPS
1829,ALG7KT001,3-OCARHN-웨이브니트
1830,ALG3JK002,3-SCLNHN-노카라린넨JK
1831,BIK4SB001,2123실버라벨
1832,ALH3OP004,3-SSPCXL-리오OPS
1833,AJF3CA003,S-리뜨가디건
1834,ALG3BL005,3-OCCRHN-레터링조각BL
1835,ALG3ST007,3-SCPRT0-호야SET
1836,AKH3JK005,S-MU밴드자켓
1837,AGE3TS025,Q-꽃자수티
1838,ALF3BN002,3-SSNRON-소다스트링BL
1839,ALH3VI002,3-SCARHN-상아니트조끼
1840,AJG7TS001,줄리후드T
1841,ZA00CO050,허브티(3500)
1842,ALG3OP012,3-SCPSXL-펀칭앙상블OPS
1843,ALG7CA001,3-SCAVHN-물결가디건
1844,ALH3WS004,3-FCLSHN-꽃나염셔츠
1845,ALG3OP010,3-SCPCHL-플리츠카라OPS
1846,AJG7OP002,위브린넨OP
1847,ALF3OP002,3-SCPVXL-러플브이OPS
1848,ALH3BL001,3-ECPCHN-그린카라BL
1849,ALG3OP002,3-SCLROL-린넨카브라OPS
1850,BLF4SB005,스파클비즈샌들(9153)
1851,AKD3OP015,C-웬디플리츠원피스
1852,ALG3TS026,3-OCCRHN-16배색T
1853,ALI3VT001,3-OCPDHN-벨라후드VT
1854,BJC4SB003,브로미들펌프스
1855,BHG3CP005,빅꽃모자
1856,BHB3MF014,꽃잎레이스
1857,ALG3OP013,3-CCPRXL-매직체크OPS
1858,AJE7WS007,베어데님NB
1859,BIC4CP010,신벽돌끈챙
1860,ALF3BN001,3-SSPSHN-아이스나시BL
1861,BLI7BG003,리들크로스백
1862,ALG3TS021,5-OCCRHN-큐피트진주T
1863,ALG3TS008,3-SCCRHN-기본하프T
1864,ALD3KT003,3-SCAVHN-잔골V니트
1865,ALI7TS001,3-SCCTSN-베이직폴라티
1866,AHF3PT024,S-에이치PT
1867,AJG3OP036,S-브이레이스OP
1868,BLI7BG005,H패턴백
1869,BLI7BG008,가죽콤비백팩
1870,ALG3ST002,3-OCCRHN-소매주름SET
1871,AKE3WS005,C-면나염퍼프NB
1872,AHE3BL044,S-진주BL
1873,BH00GT029,컴팩트보틀
1874,AJD3CT001,Z-알몬드CT
1875,AKE7ST003,롱셔츠와이드ST
1876,AJD4CT001,M-모리즈BBY
1877,BLI7MF002,스트라이프숄
1878,ALG3TS017,5-OCCRHN-블루진주T
1879,ALI7TS005,3-SCCRSN-5부하프T
1880,AJF3JP005,S-진주프릴JP
1881,AIF3KT020,S-펄브이
1882,ALF3OP006,3-SSPRHL-진주레이스OPS
1883,AHI3BL023,S-주름V블라우스
1884,BKF4SB001,큐빅중굽슬리퍼(이선)
1885,AIF7CA010,카베와리
1886,AIC3SK006,S-파스텔큰꽃SK
1887,AHF3SK004,Q-트위스커트
1888,BGD3MF010,바이어스
1889,BIC4MF009,동백꽃
1890,ALH3OP002,3-SCPRXL-옆스트링OPS
1891,ALI3TS001,3-OCCRHN-뉴절개T
1892,ALC7WS002,3-CCCSHN-핑크체크셔츠
1893,AHC3PT028,Q-단추
1894,AJF3PT009,S-8부기획배기
1895,ALI7KT006,3-TCAVHN-폴단가라니트
1896,BLI7MF001,무지숄
1897,BIG4SB010,1003스퀘어
1898,ALI7KT009,3-SCARHN-레이스셔링니트
1899,ALG7PT003,3-SCLXT9-린넨핀턱팬츠
1900,ALI3WS005,3-OSCSHN-거미셔링셔츠
1901,AJG3JK006,C-동글JK
1902,BLI7BG007,이지크로스백
1903,BLI7BG013,가죽배색크로스백
1904,AJC7JK003,오렌지청JK
1905,ALI3WS006,3-OCCSHN-영문셔츠
1906,AID7TS014,리본믹스T
1907,ALI3DP007,3-SCCXC9-코코부츠컷데님
1908,ALI3WS008,3-CCCCHN-찰랑체크남방
1909,AHG3PT032,S-누구나면배기
1910,AJH3BL009,C-프림BL
1911,BHB3MF011,플리츠
1912,ALI3TS004,3-SCCVHN-디젤V넥T
1913,AJD3TS034,Z-라인자수T
1914,ALI3SK002,3-OCPXAL-토이스커트
1915,AKD3ST004,S-NY진주세트
1916,ALI3OP005,3-SCPHXL-하이넥셔링OPS
1917,ALI3JK003,3-SCCCAN-드로우JK
1918,AGF3BL004,M-벨라BL
1919,AIB7KT011,단추반KT
1920,AKC3BL012,C-체크카라BL
1921,ALC7BL003,J-SCCVHN-레이스프릴BL
1922,ALI7KT001,3-TCTRAN-셔츠배색니트
1923,ALI3BL010,3-OCCSHN-앤BL
1924,ZA00CO048,국산검은콩라떼(4000)
1925,AFI1WS001,A-지그재그남방아우터
1926,AKC7WS006,포켓언발셔츠
1927,BHF7CP001,꽃자수벙거지
1928,ALI7DP005,3-OCCXT9-피쉬와이드데님
1929,AJE3ST004,S-스마일와플세트
1930,ALJ7JK001,3-SC2NHN-차이나레자자켓
1931,BLI4MF001,실크마름모
1932,BGF7GT004,미미박스네크리스
1933,ALI3BL006,3-SCCCAN-어텀JK
1934,ALI3PT005,3-OCCXB9-배기기획PT
1935,AKD7WS003,수채화롱셔츠
1936,BLJ4SC008,꿀벌덧신(2pcs)
1937,BFI7GT001,유니크키홀더
1938,BHL4SC003,히트양말(2pcs)
1939,BIC4SC001,포인트패션양말
1940,BHL4SC004,니트양말(2pcs)
1941,BIE4SC006,끈레이스덧신(2Pcs)
1942,BJD4SC001,은사덧신(2pcs)
1943,BJE4SC002,하리덧신(3pcs)
1944,BLJ4SC005,레이스장목삭스(2pcs)
1945,ALJ3KT009,3-SCAVHN-홀가로우V니트
1946,AJE3JK003,S-리아롱자켓
1947,BKC4SB008,영문로고슈즈(5238)
1948,BLJ4CP013,클로버무지보넷
1949,ALI7KT004,3-OSARHN-라니골지니트
1950,BLJ4SB006,스포티밴딩운동화(8071)
1951,ALJ3KT002,3-SCACHN-카라반팔니트
1952,BLJ4CP011,체크삥줄버킷햇
1953,AKE3PT008,C-로뎅배기팬츠
1954,ALJ7VT003,3-OCPRHN-플라워라운조끼
1955,ALJ7JK005,3-SC2NHN-노카라레자자켓
1956,ALJ3KT001,3-SCARHN-골드버튼니트
1957,AKK7KT015,J-해피반폴니트
1958,BJJ4CP006,체크패딩모자
1959,AJK7KT011,하트소녀니트
1960,BKL7BG013,J-트론백팩
1961,AKL7JP012,P3-무스탕덕다운패딩
1962,BKL4MF001,울제비니트고리
1963,AJK3JK002,S-차이나퍼JK
1964,AKL7DP003,P-포켓데님배기
1965,BKL4GV001,잔꽃포근장갑
1966,BKL4MF003,메모링니트머플러
1967,AKI7CA006,J-퍼프카라가디건
1968,AIK7KT001,레이스브이넥KT
1969,BKL4CP005,라쿤돌돌베레
1970,AKK7JP011,J-뽀글후드집업
1971,AIL3TS011,Q-리틀베어
1972,AKK7JP012,P-벨티드덕다운패딩
1973,AKI7TS002,J-비즈가방T
1974,AKI3PT005,C-사이드라인배기
1975,AIK3PT018,Q-기모트임PT
1976,AKB7WS002,포근체크셔츠
1977,AEK1BL401,기모 데님 워싱 셔츠
1978,AKI7KT002,J-꽃자수단니트
1979,AJA7KT005,폴라레오KT
1980,AKJ3PT003,C-더치골덴통바지
1981,AKI3PT007,C-플랜일자팬츠
1982,BKB7BG019,가든투웨이백
1983,AEI2OP301,아게다 터틀넥 원피스
1984,AJA3KT004,S-은하수
1985,AJI7CA002,라인니트집업
1986,AEK1OP604,모즈룩 도트자카드 원피스
1987,AHK7TS019,유고터들T
1988,AGL7WS001,퍼믹스남방
1989,AIL4WS001,S-R체크NB
1990,AEJ1CT501,헌팅턴 라글란 스포티 코트
1991,AEK1OP601,포켓 롱 원피스
1992,AKL7JP019,P4-포켓장식덕다운
1993,BJJ4CP001,니트볼캡
1994,BJK4CP002,방울니트챙
1995,AJL7KT006,패치반폴KT
1996,AIJ3JP017,S-오브제이중카라
1997,BKL4CP015,스카시베레모
1998,BKL4SC004,타일도톰삭스(2pcs)
1999,AHK3CT008,S-폼폼CT
2000,AIK3TS010,S-텐션나염T
2001,BKC4SB012,키높이진주슈즈(9556)
2002,AJJ3JK001,C-밤비레더JK
2003,AJB3TS026,S-해피T
2004,BKB7BG031,글로리백팩
2005,BJL4MF006,양모사각목도리
2006,AKJ3KT006,C-포켓단가라니트
2007,ALB3CA001,S-GFAVHN-피스디가디건
2008,AKB3PT007,S-이고밑단주름PT
2009,BKD4SB010,포인트가죽슈즈(5837)
2010,BIL4MF011,울특대니트머플러
2011,AKI7JK003,J-미드레더자켓
2012,BKL7BG001,J-로에숄더백
2013,AJB3WS002,C-플라이셔츠
2014,AKI7KT009,J-에스골지니트
2015,AKC7OP001,앵글플리츠원피스
2016,AGC3VT001,C-소프트VT
2017,AJL3PT001,C-기모코튼부츠컷
2018,AKK7VT027,P-보넷니트조끼
2019,AHB3KT002,M-V넥단추
2020,AKB3OP004,S-옆리본프린팅셔츠OPS
2021,AHI3PT013,Q-F언발슬림PT
2022,AJI3PT003,C-무브포켓배기
2023,AJC3DP002,C-러쉬부츠컷
2024,AJK3DP001,C-무브생지일자데님
2025,AJK7JK004,로우체크미들자켓
2026,AJK7CA001,하누롱가디건
2027,AKL7TS007,P4-레터링반폴T
2028,AIJ3JP002,S-점선잠바
2029,AJL3TS007,S-분또웨이브티셔츠
2030,AJL7KT002,포인반목니트
2031,AEH2JP501,아트스포티 코튼린넨 짚업점퍼자켓
2032,AJC3VT003,S-레인R조끼
2033,AJK7JP001,미들다운점퍼
2034,BJF4SC004,로즈카바
2035,AIJ3PT017,S-밑단통체크
2036,AEK1JP703,벨트 숏 패딩
2037,AKJ3JP003,C-보니프릴점퍼
2038,AJL3VT004,C-비조라운드털조끼
2039,AKI4PT001,S-지그재그슬랙스
2040,BGI7BG020,(R)가죽클러치
2041,AJE3DP002,S-라이브B청
2042,ALB3TS013,C-SCJRON-데일리트임맨투맨
2043,AIJ3JP027,S-마인JP
2044,AIJ7CA003,폴링가디건
2045,AIC3TS017,S-SS롤링T
2046,AIJ3JK001,S-더블파스텔JK
2047,AJK7VT008,위트다운조끼
2048,AJJ3TS014,S-골디자수맨투맨
2049,AIC3OP002,S-파스텔OPS
2050,AIB3OP012,S-에리카원피스
2051,AJL7KT021,컬러대칭KT
2052,AKI7JK004,J-심플레더자켓
2053,AKC3TS041,C-베키코튼맨투맨
2054,BKI7BG007,패치크로스백
2055,AJF3PT005,C-무드면배기
2056,BKJ4SC003,프릴삭스(2pcs)
2057,BFE2MF310,세실 진주
2058,AKI7WS004,J-셔링카라셔츠
2059,AJC3ST001,C-배색이지ST
2060,BKF4MF003,가든린넨삼각
2061,BKF4MF008,린넨보석
2062,BKI7BG013,체크투웨이백
2063,AKC3JP012,S-도트셔링JP
2064,ALC3TS007,3-OCCRHN-트래블T
2065,BKI4MF004,에버마름모스카프
2066,BKK4MF011,블루꽃사각실크
2067,ALD7WS002,J-OSPSHN-부메랑셔츠
2068,BJJ7BG006,덤플가죽백
2069,AKI3TS012,S-테이단줄지T
2070,AKI7VT011,J-하이넥후드조끼
2071,ALB3TS008,C-SCCRHN-울절개라운드티
2072,AKI7VT004,J-스포티집업조끼
2073,AKJ3WS001,C-클래식체크셔츠
2074,AKD7JK004,해지숏JK
2075,ALD3JK008,3-SSLTOL-린넨오버JK
2076,AKC7WS007,스윗플라워셔츠
2077,AKC3WS007,C-반오픈체크셔츠
2078,AJC3OP012,S-무지레인OP
2079,AJK3DP002,C-무브일자데님
2080,ALD3DP006,3-SCCXT9-다크통데님
2081,AKE3JP016,S-플라워바람JP
2082,AHG3TN006,Q-꼬임나시
2083,AJH7TN001,컬러기본나시
2084,BKF4MF007,린넨무지삼각
2085,AKF3WS002,S-앞포켓셔츠
2086,AKD3WS004,C-포레스셔츠
2087,AKE3JP003,S-나염배색JP(홑겹)
2088,AJC7WS004,팬텀NB
2089,AKE3JP007,C-프릴후드점퍼
2090,AKE3TS007,S-프레쉬덕T
2091,BHB3MF002,샤르망
2092,AIC3TS041,Z-보보v
2093,BLD4CP004,니트패치스트벙
2094,BKI4MF007,플라워주름머플러
2095,AKC3JP004,S-세린JP
2096,ALD7VT002,J-SCPFHN-넥스트링조끼
2097,BFE2MF303,땅콩진주
2098,AJC3TS004,C-뮤티드맨투맨
2099,AKD4JK001,C-린넨더블자켓
2100,AKI7KT011,J-브이진주하프KT
2101,AKD7KN001,리본니트나시
2102,BKG4MF003,파스텔린넨삼각
2103,AKG3TS011,S-데이망사T
2104,AKF3JK015,S-포켓세린JK
2105,BHJ4MF017,수국꽃삼각
2106,AKE3TS022,S-선인장T
2107,AKE3OP014,S-카라원피스
2108,AKH3TS010,S-포르마T
2109,AKF3JP010,S-카이하프JP
2110,ALD3JP003,3-GCPZHN-사각배색JK
2111,AKD3TS044,C-글라스단가라티
2112,AHF3TS013,M-크롬단가라V
2113,AJE7BL009,프랑BL
2114,AKC3BL014,C-체크둥근카라BL
2115,ALB7WS009,J-OCCSHN-셔링라인셔츠
2116,BLD4SB002,장미플랫(2505-8)
2117,AHC3TS007,M-단추T
2118,BIF4MF004,망사꽃레이스
2119,AIC3DP007,S-해피스마일일자
2120,ALB7JK002,J-SCDSON-돌핀데님자켓
2121,ALE3JK007,3-OSPCHN-블링트위JK
2122,AKF3TS005,S-비즈나비T
2123,AKF3TS020,S-사각여인T
2124,AKE3PT031,S-단추비조PT
2125,AIC7VT001,청지퍼VT
2126,BKL7BG017,J-로디핸드백
2127,BKF4GV005,레이스셔링토시
2128,AKG3KT005,S-윙스KT
2129,BIC4MF005,다이아라인
2130,AIE7PT002,이지와이드PT
2131,AKF3PT011,S-체크스커트팬츠
2132,AKD7KT010,소프시스루니트
2133,AKI7KT008,J-스트라이프후드KT
2134,AKI3PT012,S-토퍼배색배기
2135,ALE3WS007,3-ECCSHN-세로줄카라
2136,AKE3TS025,S-플라워라운드T
2137,AKD3TS027,C-브로잉반폴라티
2138,AIE7TS006,비즈마운틴T
2139,AKD4PT004,S-9부포켓배기
2140,AIL7DP005,해바라기자수청
2141,BKG4SC001,홀리덧신(2pcs)
2142,AKF3TS019,S-베슈츠T
2143,AKD7CA002,플랩브이니트가디건
2144,AEK1JK201,체크 배색 자켓
2145,ALB7JP002,J-OCTSHN-스트링레스점퍼
2146,AID3TS039,S-베이직반팔
2147,BKI4MF003,앵두레이스
2148,AKD3DP009,S-쿨워싱일자데님
2149,BGG7GT002,거울아거울아
2150,BKF4MF005,솔리드삼각머플러
2151,ALE3TS016,3-OCCRHN-목마T
2152,BIC4MF017,리버치
2153,AJF3PT025,C-린지부츠컷
2154,BKE4SB005,비즈장식힐(1872)
2155,BFA2MF329,릴리
2156,BHJ4MF010,텐셀투톤레이스
2157,BFJ3MF001,호피레이스
2158,AIA3TS004,Q-모던하트MTM
2159,AJG7BL016,플럼BL
2160,AFI3PT001,F-뒷밴딩
2161,AKD3WS001,C-컬러고방셔츠
2162,AJE3JP005,S-윈디JP
2163,AKF7VT003,크런치VT
2164,BKF4MF009,마나염삼각
2165,AJD3TS039,Z-크롭트임T
2166,BJF4GV005,쿨롱토시
2167,AKD3TS021,C-데일리하프티
2168,AKE3PT003,S-밴드8부배기
2169,AKD3PT005,C-라비투주름슬랙스
2170,AKH3BL022,S-포켓캡BL
2171,AKE7VT004,자수포켓데님조끼
2172,BJJ7BG007,니크가죽백
2173,AHF3PT014,Q-썸머타임
2174,AKG3WS003,S-해리스큰꽃
2175,AKD3TS055,S-코끼리후드T
2176,ALE3TS015,3-OCCRHN-낙엽T
2177,AKD3JP012,S-에드홑겹JP
2178,BHE3MF005,견진주찡
2179,AKE3TS005,S-꼬깔프렌드T
2180,AJB7WS016,단추포인청NB
2181,AJH3PT033,S-미로통PT
2182,AJE7BL008,뒷언발BL
2183,AJH3TS004,S-뷰티플하프T
2184,BJE4CP019,배색뜨개모자
2185,ALE3TS003,3-OCCRHN-매직T
2186,AKD3OP017,S-쉬폰나염OPS
2187,AKD3PT007,C-차리밴딩배기팬츠
2188,AKF3TS001,S-비치자수모자
2189,AKF7TS006,파리스후드T
2190,BKD4SC001,레이스진주덧신
2191,BIG4MF007,파스텔마삼각
2192,AJE3JP010,S-샤사파리
2193,AKE3TS024,S-큰꽃카라T
2194,ALF3TS003,3-OCCRHN-바이오자수T
2195,AJH3TS025,S-아이스크림T
2196,AKD7TS018,로킹하프T
2197,AKD4PT001,S-플리츠배기팬츠
2198,AHF7BL026,플로럴BL
2199,ALD7SK001,J-FCPXXL-잔꽃스커트
2200,AKF3JK007,C-디아스트린넨셔츠
2201,ALF7JP003,3-OCPRHN-스무디셔링JP
2202,BGJ3MF026,아지사각
2203,BKG4MF001,화이꽃삼각머플러
2204,BLF4CP003,한지배색썬캡
2205,AKH3BL024,S-블루밍BL
2206,AJC7OP005,브이셔링OP
2207,AKI3KT012,S-스마일브이KT
2208,AKE3JP018,S-엔클롱후드JP
2209,AKC7TN001,브이레이스나시
2210,BLA7BG009,Z-브라우니숄더비취백
2211,BLF4SB003,러브스니커즈(520-22)
2212,BKE4CP005,조개썬캡
2213,AJF7BL009,버드셔링BL
2214,AKG3KT003,S-자전거KT
2215,AKF3JK019,S-오브망사JK
2216,AKH7TS004,Z-나비꽃T(2)
2217,AJF7JP002,포레JP
2218,AKE3TS009,S-소매포인배색TS
2219,AIE7TS038,비즈하트T
2220,AKE3PT022,C-무지면배기팬츠
2221,AKE7KT001,선라이즈KT
2222,AID7WS009,주그린NB
2223,AHE3LG002,Q-텐셀CS
2224,AJF7BL010,레비BL
2225,AKH3TS013,S-비즈러브T
2226,AKE3JP008,S-고양이후드JP
2227,AKE3JK009,C-루크스트링자켓
2228,ALG3JP001,3-SCLCHN-마루린넨JK
2229,BLF4SB009,웨이브스니커즈(2819-1)
2230,AKD4PT002,S-승마플리츠PT
2231,AHI3TS018,S-올데이데일리
2232,ALF7BL001,3-OCPRAN-시티플리츠BL
2233,AIE7PT005,항아리조거
2234,AKE3TS019,S-앞자수단가라T
2235,BJC4SB007,델리온로퍼
2236,ALF7KT001,3-OCARHN-비즈캣니트
2237,BLC7BG004,J-고리지퍼백팩
2238,AKH3TS016,S-도형그림T
2239,ALG3TS022,3-FCCSHN-큰송이패치
2240,ALG3TS023,3-FCCSHN-흰꽃카라
2241,ALF7BL003,3-OCPRAN-러플소매BL
2242,ALH3TS001,3-OCPRHN-레나T
2243,AKD3TS008,S-커프스단가라티
2244,ALH3TS006,3-OCCRHN-패치버드T
2245,AJH3TN005,S-마두줄자수나시
2246,ALG3TS009,3-OCCRHN-레이포켓T
2247,AKE3TS008,S-단가라퍼프T
2248,AJF3PT026,C-로렌반바지
2249,AKE3PT037,S-고방체크부츠컷
2250,ALB7WS015,J-TCTSHN-배색단카라셔츠
2251,AKC3PT006,C-프링뒷밴딩옆단추와이드슬랙스
2252,AKE3PT005,C-언발부츠컷SL
2253,AKJ3TS018,C-미씽포켓T
2254,ALI7JK002,3-OCDCHN-라인자수데님자켓
2255,AKB7BL002,다이아라인BL
2256,AGI3JP001,M-스트링후드롱JP
2257,BKD4SC015,망사반롱삭스(2pcs)
2258,ALI7KT002,3-OSAVHN-단추브이넥니트
2259,BLJ4SB007,큐빅하이탑(X6-37)
2260,BLJ4SB001,리본금장블로퍼(1025-6)
2261,ALI3DP011,3-SCCXT0-워시와이드데님
2262,BKD4SC011,데일리봄덧신(2pcs)
2263,ALC7OP005,J-OCTFXM-리버스OP
2264,ALJ7KT001,3-ECARHN-오아시스니트
2265,BLJ4SC006,롤링장목삭스(2pcs)
2266,AJH3BL032,S-뒷리본주름BL
2267,BKJ3CP005,양털리본보넷
2268,KKF3AK002,KC-도트홀스니트
2269,AKK7CT001,J-후드핸드메이드코트
2270,AKL3KT003,S-크림폴라KT
2271,BKL4GV005,민들레반장갑
2272,AKK3DP007,C-헤비와이드기모부츠컷데님
2273,BIF4MF009,마삼각2
2274,BJE4MF007,코튼삼각
2275,BHG4MF004,마물나염
2276,BIL4MF016,울무지머플러
2277,BJK4MF006,와플머플러
2278,BHL4SC002,캐주얼양말(4pcs)
2279,AJI7KT021,유닛반팔니트
2280,AKC3TS027,C-베이직시스루폴라티
2281,AIL7SK001,체스체크SK
2282,AKI7VT006,J-포근단추조끼
2283,BJK4SC006,플라워롱삭스(2pcs)
2284,AIA3SK001,Q-골덴A스커트
2285,KKK7AC006,KP-샤인후드덕다운
2286,KIL3AK001,KS-올패딩PT
2287,AJI7SK001,로엔니트스커트
2288,AIK3PT002,S-리버PT
2289,AIK3PT015,Q-다솜배기
2290,AKJ7JP009,J-올리드덕다운점퍼
2291,AKL7JP018,P3-오렌지덕다운패딩
2292,AJA3PT003,S-핀탁이지PT
2293,AJL7KT009,컬러단반폴KT
2294,AKK7VT018,J-우아니트조끼
2295,AHK7BL005,윈터레이스BL
2296,BJK3MF002,폴라어깨숄
2297,AJL3PT034,S-융기모부츠컷
2298,AIL3DP004,S-B831기모B
2299,AJK3VT004,C-로제경량조끼
2300,BKL7BG002,J-골든백팩
2301,AJK7KT009,진주하트니트
2302,AIL7KT003,나그랑골반목KT
2303,AKI7JP016,J-하트니트후드집업
2304,AJL3TS022,C-나비자수기모맨투맨
2305,AJJ7VT003,냥포켓니트조끼
2306,AJK3PT010,C-샤이나팔PT
2307,AHK3TS010,S-벨벳백조
2308,AIA3PT003,Q-면기획일자
2309,BIL4MF017,이지울워머
2310,AEI2PT601,볼로냐 와이드 팬츠
2311,AKB3TS014,S-해브스마일맨투맨
2312,AKK7KT019,J-머쉬포인니트
2313,AJK3KT008,C-골드반목니트
2314,AKL3JP005,S-레터링패딩점퍼
2315,AFL3JP008,A-G모자롱
2316,AKB7KT001,진주반폴라니트
2317,BKK7BG001,J-세로지퍼백팩
2318,AJC7PT005,아가일조거
2319,AHA3CA001,Q-애플가디건
2320,AKL3SK002,S-패딩롱스커트
2321,AJL3TS010,C-스팅기모후드맨투맨
2322,AJL3TS021,S-실사자수기모맨투맨
2323,AKK3TS003,S-모달긴팔T
2324,KKJ7AC004,KJ-리버시블덕다운점퍼
2325,KKK7AC007,KJ-컬러패딩조끼
2326,BHK4CP017,포근체크벙거지
2327,AEI2VT101,헬싱키 백오버 니트베스트
2328,AKJ3CA001,C-필링도트가디건
2329,AKK7JP009,J-인디후드니트점퍼
2330,AJL3PT005,C-양기모밴딩통바지
2331,AKK7VT024,P-링클니트조끼
2332,AKK7CT003,J-싱글핸드메이드코트
2333,BKC4MF005,면나염호피MF
2334,AJB4JK004,M-버튼JK
2335,AHJ7CA003,롱컬러풀와리
2336,AKI3DP006,C-데이블랙통데님
2337,AJL3PT035,S-히든기모부츠컷
2338,BHK4MF004,줄지삼각니트
2339,KKB7AC007,K스카이크로스백
2340,AKI7CA008,J-체리자수가디건
2341,AKK3PT018,C-소프트버튼슬랙스
2342,AJC3JP004,S-리랑점퍼
2343,AHC3BL042,M-물결레이스BL
2344,AIJ3DP007,Q-120청B
2345,AIL4TS003,S-반집업폴리스T2
2346,AJI7KT022,사선골지니트
2347,AKC3BL016,S-모나코주름BL
2348,BGL3MF015,L피스
2349,ALB3JP001,C-SSPSOC-포켓패딩점퍼(2온스)
2350,AKC3TS016,C-에뜨자수T
2351,AIB3DP002,Q-소다청배기
2352,AJC3PT018,S-무스배기
2353,AKJ7VT001,J-베베패딩조끼
2354,AIC3DP001,Q-타이밍일자
2355,AJC3DP011,Q-링클B청
2356,AJD3DP015,S-플레이B청
2357,AKB3VT007,S-로즈꽈배기VT
2358,AJI7KT024,넥레이스니트
2359,AJB3JK008,S-벨라레더JK
2360,BIL4MF018,플라워울워머
2361,AHC3CT016,Q-엔클라인버버리
2362,AJL3ST005,Z-푸들스커트세트
2363,AKK3PT008,C-골드버튼배기기모
2364,AKI3TS007,S-베르스판티
2365,AKI7KT013,J-컬러단가라KT
2366,AEJ2PT401,쿠라쿠 패치워크 큐롯
2367,AKC3TS039,C-마마트임맨투맨
2368,AHC3WS021,M-509체크
2369,ALC3WS002,C-CCCCHN-버리프릴남방
2370,AIC3KT002,S-나염니트
2371,BIK4MF007,H고리머플러
2372,AJB3WS006,C-올리브자수NB
2373,AHC3JK006,S-칸블루종J
2374,AKI3PT018,S-트임밴딩부츠컷
2375,AIB3TS038,S-큰체크모자
2376,BJD4MF006,그리아마름모
2377,BGC3MF013,스페이스
2378,BIJ4SB006,C117가죽보석하이
2379,AKK3TS011,S-뽀글자수후드티
2380,AGC3JP012,C-베리베리후드
2381,AEH2CT201,레트로 프린팅 페미닌 트렌치코트
2382,AIJ3DP009,S-107흑청B
2383,AEJ2BL401,콜마르 레이핏 풀오버(빈티지)
2384,AID3ST001,Q-레이어드세트
2385,AKC3TS014,S-라이프후드T
2386,AGJ3JP005,M-후드롱점퍼
2387,AID3TS029,S-지컷플라워
2388,BKL4CP006,패딩덤블보넷
2389,AKC3TS005,C-앤디라운드베이직티
2390,AJC3TS042,S-파브T
2391,AKB3VT009,S-올리비아VT
2392,BIE4MF002,네잎꽃레이스
2393,AJB3JK005,S-홉네자JK
2394,AKB4TS001,S-포니단추후드티
2395,AKB7JK003,숄더레자자켓
2396,AJI7WS001,네모언발셔츠
2397,AKJ3TS001,S-루킹라운드T
2398,AJI3TS029,S-벨벳부엉T
2399,AKK3BL001,S-오일리꽃BL
2400,KJL3AK007,KS-발롱숏JP
2401,AIJ3PT021,S-넬트임PT
2402,AKJ3PT002,S-모즈밴딩부츠컷
2403,AII3OP002,S-체크울OP
2404,AJI3TS014,C-베이직맨투맨
2405,AIB3DP001,Q-다다청통
2406,AJI7JK011,언더셔링자켓
2407,BGG3GT003,초롱꽃
2408,ALD3WS001,C-OSCSHN-테잎자수NB
2409,AIJ3DP010,S-110롱청
2410,AKI3DP009,C-투포켓통부츠컷데님
2411,ALB3SL002,C-SFPXC9-어반나팔SL
2412,AKB3BL019,C-샤벨리BL
2413,AIC7DP006,사각꽃자수청
2414,AIK3PT021,Q-더블유PT
2415,AKI3DP004,C-글램커팅부츠컷데님
2416,AKI7WS001,J-벨트조끼셔츠
2417,AHC3TS008,S-진주V
2418,KHC3AK021,KQ-펩시J
2419,AJJ7VT002,브이포켓롱조끼
2420,KJI3AK007,KC-세리배색조거
2421,AJI3DP001,C-시티롱데님
2422,AHC3JP005,Q-오브제JP
2423,AII3PT001,Q-리아나팔
2424,AKL3DP002,S-샌디와이드기모데님
2425,AJB3BL001,C-리츠일자BL
2426,AII3TS026,S-타미전사R
2427,BIB7BG007,헤링끈백
2428,ALB3DP010,C-SCDXT0-바니워싱와이드데님
2429,ALB3TS011,C-SCCVHN-브이넥밴드셔링티
2430,KGC3AK031,KM-뜨개꽃
2431,BKB4CP007,리프달랑벙거지
2432,AKB3DP012,C-포미밴딩와이드롱데님
2433,BKJ3CP011,체크삥버킷
2434,AJJ3PT013,S-리튼단추PT
2435,ALB7JP003,J-OCTRHC-레이스셔링점퍼
2436,ALC7VI001,J-SCARHN-앵콜니트조끼
2437,AIJ3JP001,S-링후드JP
2438,AKB3KT013,S-원버튼줄니트
2439,AKB3WS004,C-레터링오버핏남방
2440,AJC3JK006,S-디바청자켓
2441,AKI3TS014,S-팬더후드
2442,ALB3TS004,S-OCMRHN-글로시자수티
2443,AJB3PT014,Q-졸리PT
2444,AJC3TS029,C-바오라운드T
2445,AKK7JP014,J-프린덕다운롱패딩
2446,AIC3DP004,Q-B779부츠컷
2447,BIC4MF016,진주넥
2448,AJB3DP002,S-B842T청
2449,AKI3BL026,S-시슬플라워BL
2450,AKC3DP005,C-커트부츠컷데님팬츠
2451,AIB4JP002,Q-스트링점퍼
2452,BGC3MF008,패치주름스카프
2453,BHE3MF025,면망사
2454,KHB3AK012,KM-쿠치R
2455,KEI2AK001,K샌디에고 데님셔츠 점퍼
2456,AKC3JK017,C-프로슈자수자켓
2457,KJB3AK014,KS-워너핀턱
2458,KJF3AK025,KC-아렌치마바지
2459,KKF3AK003,KS-투톤트레이닝JP
2460,KKI7AC009,KJ-앵두와이드데님배기
2461,KKK3AK003,KS-기모건빵바지
2462,KLB3AK004,KS-OCARHN-자수꽈니트
2463,KLB3AK005,KC-SCCSHN-터치뒷주름셔츠
2464,KLC3AK001,K3-OCNMHN-코지후드JP
2465,BGL3SC001,알파카양말(3PCS)
2466,AGC3BL011,C-마일BL
2467,AJI3DP003,C-콜드일자데님
2468,ALD3TS016,3-OCCVHN-블로썸T
2469,AIB3TS025,S-DK후드티
2470,AJI3PT010,S-어텀면부츠컷
2471,AIC3TS046,S-비해피
2472,AHC3TS003,M-텐셀TS
2473,AHB3TS004,M-스타일T
2474,AJI3JK009,S-라운드미니JK
2475,BKC3CP002,영문스팽글
2476,KLB3AK001,KS-GFAVHN-미로에가디건
2477,AGC3JK026,S-리넨숏자켓
2478,AJE3ST012,S-티미SET
2479,ALD3TS018,3-SCCDHN-양단추후드T
2480,BKI7BG016,골드지퍼백팩
2481,AJE3BL004,S-코드BL
2482,AKC3JP018,S-데일리후드집업JP
2483,BKD4SB007,데일리가죽슈즈(2736-6)
2484,BHE3MF001,레이디
2485,BJF4SB002,메쉬스니커즈(715)
2486,BKD4MF013,샤론진주머플러
2487,KJC4AK006,K레이스벙
2488,AII7CA007,트리밍단추Y
2489,AEH1BL101,스트라이프 오간자 모던블라우스
2490,AJB3PT009,S-워너핀턱
2491,AJE3JP002,S-메모링JP
2492,AIB7WS004,ST벨트세트2
2493,KJC3AK016,KS-트윙클배기
2494,AKD3TS002,S-고방후드T
2495,AGC3BL058,C-2363
2496,AKC3TS007,S-체크포켓카라T
2497,AJC7JP001,자글JP
2498,AKC3TS032,C-쇼잉아트T
2499,AKB3PT008,S-내츄럴코튼부츠컷
2500,AKH3BL013,S-영어레터링BL
2501,AKF3BL003,S-넥프릴린넨BL
2502,AKF3BL018,C-에드린넨BL
2503,AHC3WS020,M-514체크
2504,BKI7BG002,스퀘어가죽백팩
2505,ALD7CA001,J-OCARHN-숄가디건
2506,AKI3OP002,S-지수OPS
2507,KKC3AK014,KS-미니로즈KT
2508,AID7TS003,별후디T
2509,BKI7BG021,멜디체크백팩
2510,BKH4CP006,와이드챙버킷햇
2511,AKC3JK033,S-시보리뒷자수JK
2512,AKI3PT009,C-위트밴딩배기
2513,AJC3TS045,Z-소노T
2514,AHF7KN001,M-모자소녀나시
2515,BEC0MF014,수선화
2516,AKI3SK001,C-포켓버튼스커트
2517,AIE7PT004,패치스트링PT
2518,AJD3JK003,C-마가렛JK
2519,BIG4MF003,어깨레이스1
2520,BLC7BG007,J-아가일패턴백팩
2521,KLB3AK006,KC-OCMDHN-트리밍후드티
2522,BLD4CP006,오색뜨개비니
2523,KJC4AK001,KM-리엔T
2524,AKE3TS028,S-패션비즈T
2525,AJI3PT002,C-폴링부츠컷
2526,AJJ3PT019,S-에프나팔PT
2527,AKD3TS040,S-동그라미T
2528,AKE3WS011,S-뒷리본린넨셔츠
2529,AKG3TS001,S-드림T
2530,AKE3JP010,S-마이스트링점퍼
2531,KLC7AC005,K스프링어깨숄
2532,AKG7TS004,J-비즈썬캡티
2533,AKG3TS007,C-그레이트T
2534,AID3VT002,S-진주청조끼
2535,AJH3BL020,C-베이직셔링BL
2536,KLC7AC006,KJ-미니래빗크로스백
2537,ALD7TS004,J-OSACHN-R패치카라T
2538,AJL3ST001,S-에이하트ST
2539,ALE3JP002,3-OCPCHN-시보리배색JP
2540,AKG3JK004,C-소니옆끈JK
2541,AKC3WS021,C-마네자수셔츠
2542,AKC3SK006,S-플라워밴딩스커트
2543,AKH7BL004,J-보노린넨BL
2544,AKH7TS002,J-솔트T
2545,AKD3TS042,S-스타일T
2546,ALE3TS008,3-OCCRHN-로스맨투맨
2547,AKE3PT001,S-나일9부팬츠
2548,KKI3AK005,KC-제이드BL
2549,BKC4SB010,골덴플랫단화(9815)
2550,AID7JK007,소매하트JK
2551,AJC3PT023,C-크림조거PT
2552,AIF3ST007,S-타운세트
2553,AKE3ST001,S-스마일캐릭세트
2554,KKD3AK014,KC-래빗와이드츄리닝
2555,KKE3AK008,KC-마이퍼프셔츠
2556,KKE3AK009,K심플미니크로스백
2557,KLB3AK007,KC-SCPDHN-에반이중점퍼
2558,KLD3AK001,K3-SSLRHN-홀가진주니트
2559,AKB3DP007,C-폴딩워싱데님
2560,AJE3ST002,Q-더블유세트
2561,BJE4MF009,눈꽃삼각
2562,AKD7TS013,세모후드T
2563,AKD3TS038,C-실켓베리라운드티
2564,KJB7AC018,K공작BL
2565,BJD4MF013,스펠사선주름
2566,AKD3PT024,S-데님슬랙스
2567,KHG3AK004,KQ-번아웃반팔
2568,BHF3MF011,마롱머플러
2569,AID3PT016,S-SS8부나팔
2570,AKE3PT002,S-나팔기획팬츠
2571,BIF4MF006,진주알파벳
2572,BHF3MF007,검정선진주
2573,BHG3MF001,꼬마쉬폰스카프
2574,BHF3MF013,자연인견
2575,ALD3BL004,3-OSPRHN-스페셜BL
2576,AKD3BL010,S-네이블쳐BL
2577,AKJ7PT007,J-벨트코튼일자통
2578,AKD3VT002,C-에스닉니트조끼
2579,AID3TS064,S-이태리문양T
2580,AGH3PT037,M-1086흑면
2581,KIB7AC007,K페이스T
2582,AKD7PT001,포인밴딩배기팬츠
2583,AID3TS035,S-데이지반P
2584,AII3JP012,S-디엔점퍼
2585,AID3TS055,Z-실켓박스
2586,ALE3BL004,3-FCPSHN-오디나염BL
2587,KHH7AC001,K썸머패턴니트
2588,AKE3PT040,C-쿨코튼부츠컷
2589,AKH3BN001,S-에프나시
2590,BHE3CP003,프릴벙거지
2591,BHE3SB002,러프펀칭
2592,BGD3MF006,지지미
2593,ALD3OP003,3-TCCSXL-라인벨트OPS
2594,BLD7BG003,J-헨리숄더백
2595,AKD3PT019,S-뒷포켓포인팬츠
2596,AKD7KT003,리본토끼하프니트
2597,AIG7TS004,트레져야자T
2598,AID3TS069,S-모서리꽃
2599,AKE7BL005,핑크플라워BL
2600,BHG3CP002,끈레이스모자
2601,AJI3TS017,C-웨이빙도트카라
2602,AKH3BN002,L-장미나시
2603,AKE3BL019,S-르디BL
2604,BKG7BG009,버클조임백
2605,AKE3VT008,S-럭키민후드조끼
2606,AKD3TS015,S-테디반팔T
2607,BKE4SB009,썸머빈티지샌들(5410)
2608,AKE3BL031,C-린넨보리BL
2609,ALE3OP009,3-SCPVAL-스트링캉캉원피스
2610,AKI3JK004,C-무지버튼자켓
2611,AJF3VT001,S-듀얼끈조끼
2612,AKC7OP003,미팅셔츠원피스
2613,AIC7SK007,레이스데이지SK
2614,BKG7BG010,베어지퍼백팩
2615,BJE4CP015,장미벙거지
2616,AKH3DP002,C-쿨일자와이드데님
2617,AKJ7PT004,J-패턴밴딩와이드팬츠
2618,AJH3TN008,C-언틸나시
2619,AJD3PT009,C-토즈PT
2620,BJF4CP004,로제썬캡
2621,BJC4SB008,가죽보울슬립온
2622,AJE7TS003,스티브T
2623,AKC3TS023,S-피자로고티
2624,AKB3TS006,S-넥입술단
2625,BKE4SB004,키높이슬리퍼(26602)
2626,AJE3TS013,S-이중랍빠T
2627,KLA7AC001,K스카이크로스백(24)
2628,AIF3PT030,S-P26쿨나염
2629,AKC3SK013,C-벨트코튼프리SK
2630,AKL3SK004,C-다이아누빔스커트
2631,AKB3PT004,C-세미와이드일자슬랙스
2632,AKG3BL001,S-무지지퍼린넨BL
2633,BLF4SB001,글로시미들힐(1536)
2634,KKD7AC019,K리나후드아노락JP
2635,AKE3PT013,C-뒷밴딩5부팬츠
2636,AKI3BL007,S-코어7부BL
2637,AIG3PT018,S-MO5부
2638,AKD3TS043,S-화이트홀T
2639,AKG3OP012,C-클리프OPS
2640,AJH7BL005,스틱BL
2641,ALE7KT004,3-OCAFHN-하트포인니트
2642,AJG3DP002,C-밀키부츠데님
2643,KLC7AC007,KJ-비즈지퍼백팩
2644,BKI4SC005,포인자수덧신(2pcs)
2645,AJG3OP016,C-위닝OP
2646,AJF3JP026,S-실버JP
2647,AIG7JP001,물나염숏JP
2648,AHC3SK007,Q-이중주름
2649,AKH3TS018,S-나인스트링T
2650,BID4SB003,1913펀칭운동화
2651,AKG7BL008,J-무브린넨나시BL
2652,AJD3TS015,C-데일리단T
2653,AKC3TS022,S-딸기바구니TS
2654,AKI3BL015,S-와이나염BL
2655,BLF4SB007,루프스니커즈(97-1)
2656,AKH3WS005,S-로우레터링셔츠
2657,AKD7TS008,밑단지퍼후드T
2658,AKF3VT002,S-언발쉬폰조끼
2659,AKF7PT002,라인밴딩팬츠
2660,ALG3DP002,3-SCCXT0-리셀와이드데님
2661,BLG4CP001,꽃송이두건
2662,AGE3PT001,M-타임라이온
2663,AJF3PT030,C-페니와이드PT
2664,AJD7JP003,하트스루JP
2665,AJH3BL023,S-파니벌룬BL
2666,ALG3VT002,3-SCPDHN-민트후드조끼
2667,AKD7KT018,단가라홀KT
2668,AKD3TS030,C-나무슬라브티
2669,AII7PT003,투턱와이드PT
2670,AKE3JP004,S-체인오브JP
2671,AKH3OP006,S-모아린넨OPS
2672,ALH3TS004,3-OCPRHN-아이비T
2673,AGC3KT016,A-에르니트체인
2674,KLD3AK002,K3-SCCHHN-옆셔링5부
2675,AKE7SK001,홀리데이롱SK
2676,AJF3OP009,C-아펠OPS
2677,AJG3KT002,S-체리야KT
2678,AHE3SK005,Q-체크망사SK
2679,ALG7PT005,3-CCCXT9-고방와이드팬츠
2680,AHH3TS024,S-스마일엔젤
2681,AII3OP004,S-청라운드OPS
2682,AGF3OP003,M-스모킹원피스
2683,BKG7BG013,라켓백팩
2684,KLD7AC002,KJ-SCCRHN-앞셔링BL
2685,AIE7TS020,판다비즈BL
2686,KLF7AC002,K3-GCLNHN-페이즐BL
2687,BJF4SB013,피셔맨샌들(2311)
2688,AJE7BL013,픽쳐BL
2689,AHG7PT007,M-앞주름PT
2690,KLF7AC003,K3-SCLSHN-라미단추셔츠
2691,AID7CA012,후드니트Y
2692,AII3WS002,S-포인자수NB
2693,AKF7TS010,해버포켓T
2694,BIG7BG001,가죽미니뱃지
2695,AKH3PT008,C-에이드큐롯팬츠
2696,AHF3BN001,Q-스파오퍼나시
2697,ALI7DP002,3-OCCXB9-알파벳데님배기
2698,AGH1WS001,M-플로럴
2699,AJH3BL040,S-플레어BL
2700,AKF3TS018,S-반트T
2701,BLI7BG018,멀티포켓백팩
2702,AKI3KT009,S-퍼피소매KT
2703,ALI3DP009,3-SCCXT0-다크와이드데님
2704,AJI3TS028,S-네모피스T
2705,ALI3JK005,3-OCPSHN-데바스JK
2706,AIJ3JP016,S-시계후드JP
2707,ALJ7JK004,3-SS2THF-포멀레자자켓
2708,KLE7AC001,K3-SSAZSN-망니트나시
2709,KGE3AK017,KM-데무망사
2710,ALJ3WS006,3-GCCSHN-기린카라
2711,AGC3JP017,M-자라에스더후드
2712,ALI3PT002,3-OCCXB9-이중포켓배기
2713,ALJ3KT007,3-SCAVHN-키치V넥니트
2714,ALJ7JP002,3-SC2DHN-베이직후드레자점퍼
2715,AJI3TS019,C-팻치반지퍼후드
2716,AJI3TS023,S-송이꽃후드
2717,AJB3TS021,Q-잔꽃카라T
2718,AJJ3TS002,S-귀비꽃후드
2719,AKC3DP001,C-로블흑청일자데님
2720,AII3TS012,Q-영문후드
2721,AII3TS011,Q-신영어터들
2722,KKI3AK006,KC-브로디롱큐롯데님
2723,ALJ3KT008,3-SCARHN-헤리머플러SET
2724,BLI4MF005,헤리머플러(증정용)
2725,ALI3PT007,3-OCCX19-기획일자PT
2726,AJE3PT009,Z-송스통PT
2727,AII3PT011,S-A단추통
2728,KLI7AC003,K3-TCAVHN-폴단가라니트
2729,BLI7BG004,꼬임토트백
2730,ALJ7SK001,3-GCPXAL-페이즐스커트
2731,AKE7TS002,뉴욕하프T
2732,BLJ4SC003,가을중목삭스(4pcs)
2733,AJA3JP006,S-사각체크JP
2734,AJL3KT013,S-호피포켓니트
2735,AKL3VT001,C-울후드니트조끼(23)
2736,BKI4SB001,큐빅밴드키높이(5091)
2737,AKJ7PT003,J-가든자수골덴배기
2738,BGL3MF035,골지호피
2739,BJL4MF014,그리미밍크
2740,AKL3OP003,C-반집업기모OPS
2741,BJL4MF005,자석방울목도리
2742,AKK4CT001,S-캐시후드핸드메이드
2743,AKK7JP027,J-버클스트링점퍼
2744,AIL7KT013,곰보이니트
2745,AHK7KT005,호피나염KT
2746,AKJ3TS008,S-모니카맨투맨
2747,AKK3TS016,C-베러맨투맨T
2748,AKB3TS001,C-스프링레터맨투맨
2749,AJL7OP001,소매롱니트OPS
2750,KFZ3AK001,K블랙리버시블
2751,BII4MF007,로마머플러
2752,AJA7JK006,누빔도트JK
2753,AJE7ST002,블라나염ST
2754,AIC3OP013,S-츄즈OPS
2755,AKK7JK004,P-글루밍퍼자켓
2756,AKL7KT013,J-굿니트후디
2757,AIC3TS035,S-해바라기T
2758,AIL7KT015,커팅기모KT
2759,AEI2OP604,요세미티 데님 루즈핏 롱 원피스
2760,AHI7OP004,롱라운드후디
2761,AIK3CT010,S-울요꼬코트
2762,BJL4SC003,울포인삭스(2pcs)
2763,AKK3JP001,C-치치후드집업
2764,AKI7JP002,J-카라레더점퍼
2765,AJL3DP003,S-사각기모청배기
2766,AKK3TS007,S-비엔T
2767,AKA3KT006,S-패치트리니트
2768,BKL7BG007,J-캣츠백팩
2769,AII3OP012,Z-뱌오점프수트
2770,AJJ7ST001,트임니트세트
2771,AKA3PT002,C-밍크골지트임팬츠
2772,AIJ3TS018,S-소울MTM
2773,AKC7OP004,묶음롱원피스
2774,AHJ3DP001,S-청나팔기획
2775,AKJ7JP012,J-리버시블덕다운점퍼
2776,AKK3WS001,S-오픈체크셔츠
2777,AIK3WS002,S-엘린체크
2778,AJL3CA004,C-세라카라니트집업
2779,AKC3JK016,C-하프레더자켓
2780,AKC7BL004,브이퍼프블라우스
2781,AKL3KT002,S-크리미반폴KT
2782,AGI3BL001,M-라피스BL
2783,KKK7AC008,KJ-세로지퍼백팩
2784,AJJ7JK002,숏레더자켓
2785,AKK7VT016,P-모모퍼후드조끼
2786,BF02GT704,쁘띠브로치
2787,AJK3JP004,S-레니구스다운
2788,AKJ7JP008,J-타입덕다운점퍼
2789,AKK3TS017,P-달마시안맨투맨
2790,AKI7JP001,J-후드레자점퍼
2791,AKK7KT001,J-도톰꽈배기니트
2792,AJK3PT002,C-머핀밴딩골덴통바지
2793,AJK7JP002,니트카라다운점퍼
2794,AKK3SK001,C-코코자가드스커트
2795,AJL7KT023,절개롱KT
2796,KKI7AC008,K리치투웨이백
2797,BJK4SB011,가죽지퍼워커(0028)
2798,AKJ7KT004,J-퍼프골지니트
2799,AGC3OP044,C-세라미니OPS
2800,AKK3TS002,S-비즈터치맨투맨
2801,BHK4SB009,5263스판롱부츠
2802,BGL3SB012,889S-5부츠
2803,AIC7KT007,스트링배색니트
2804,AJJ3BL001,S-호피레터링BL
2805,AJB3PT006,Q-허브통바지
2806,AJK7TS002,체코폴라티
2807,BHJ4MF023,울패턴스카프
2808,AIB7PT002,단추투턱PT
2809,AKI3JP003,C-셔링후드숏점퍼
2810,AIC3DP006,S-청일자
2811,AJB7SK003,망고샤SK
2812,ALB7WS014,J-OCTSHN-라인퍼프셔츠
2813,AIB3PT012,S-데일리트임SL
2814,AKC3CT001,C-클래식벨트바바리
2815,AJB3TS002,Q-스카이단
2816,AIC3TS030,Q-스트라이프골지T
2817,AKC3SK012,C-요루캉캉스커트
2818,BFI3MF006,꽃송치(롱)
2819,AJB3KT019,S-토끼큐빅KT
2820,AJC3KT021,C-라메흐KT
2821,AJB7JK002,씨드청자켓
2822,AHC3WS019,Q-스티치NB
2823,AKB3VT010,S-치즈스마일VT
2824,AJC7WS007,투셔링NB
2825,BKC4MF029,플리츠자석스카프
2826,AHC3VT015,Q-브블링
2827,AGC3OP061,S-언발프릴원피스
2828,AKC3OP020,S-스트링후드배색OPS
2829,AIC3OP006,S-프랜드원피스
2830,KIB3AK001,KS-두줄레스후드
2831,AJD3JK002,C-브레드JK
2832,AHC3JP019,S-시보리야상
2833,AKL3CT001,S-모니크코트(누빔)
2834,AIB4JK001,Q-조아JK
2835,AIC3KT011,Q-박스단보트넥
2836,AKI7WS006,J-하프플라워셔츠
2837,AEH1OP201,헬렌 레트로 페미닌 쉬폰드레스+슬립
2838,AKI7ST002,J-팻치반집업SET
2839,AIC3VT004,S-레이스스트링VT
2840,AEK1SK602,스웨이드 캉캉 스커트
2841,AEI2JK101,헬렌 레트로 A-line 볼레로 자켓
2842,AGC3OP011,C-화양연화
2843,AKC7PT001,밑단레이스슬랙스
2844,AKK3TS012,S-후로피맨투맨
2845,KJJ7AC002,K웨이스롱BL
2846,AKI3WS004,C-워싱체크셔츠
2847,AEI1CT101,조쉬 오버사이즈 트렌치코트
2848,AKI7KT018,J-어텀브이니트
2849,AJJ3JK003,S-버드카라자켓
2850,AKC3BL015,S-색동패턴BL
2851,KHC3AK020,KS-시스텔후드
2852,ALC3SK001,C-FSPZA7-퍼퓸플라워스커트
2853,KHC3AK019,KM-리본
2854,AJC3JK001,S-동글또또JK
2855,AIB3PT001,Q-사각일자
2856,AIC3PT007,Q-J체크나팔
2857,KKB3AK006,KS-플라이카라KT
2858,AIC3PT006,S-매직SL
2859,KHC3AK016,KM-꽃잎레이스
2860,AIB3PT016,S-초코일자
2861,AKC3PT015,C-클래식체크나팔PT
2862,AJE7TS010,베브T
2863,AIC3BL009,S-Y셔링BL
2864,AIJ3PT024,S-테리SL
2865,AJB7BL005,브이넥Y블랑
2866,KGB7AC011,KD-2줄펄니트
2867,AIC7DP001,캣츠피쉬DP
2868,AJI7WS003,보틀셔츠
2869,AJB7CA001,단추라운가디건
2870,BKL4CP008,울꺽쇠니트두건
2871,AKC3KT001,S-소매쉬폰카라
2872,BGI3MF027,나비
2873,BFA2BG712,1091 숄더
2874,AHI7CA003,스트링후드와리
2875,ALB7WS003,J-GCCSHL-스케치롱셔츠
2876,BIG4SB005,560투명레이스
2877,BFA2MF302,구찌라인머플러
2878,BJD4MF010,마차긴사각
2879,AIC3TS019,Q-단가라랍빠V
2880,BKL7BG018,J-갤럭시백팩
2881,AII7ST001,후드니트세트
2882,AIC3SK008,S-플리츠잔꽃SK
2883,AKI3BL003,C-이니셜BL
2884,BHG7BG012,데일리백
2885,AIC3DP002,Q-B774일자
2886,AIB3SK001,Q-샤레이스SK
2887,AKC3OP012,S-그린체인주름OPS
2888,BKD4MF007,망사마름모레이스
2889,AIC3PT005,Q-면스키니
2890,AHC3VT009,Q-셀린느단추조끼
2891,KLC7AC001,KJ-TCCRHN-니쥬단맨투맨
2892,AGD1PT002,M-언발SL
2893,AFA2PT305,타임521
2894,AHC3TS047,M-셔링폴라
2895,AII3BL006,S-앞테프BL
2896,AKC7OP005,세로라인원피스
2897,AKI3BL022,S-베네큐빅BL
2898,AJI3PT005,C-언발뒷밴딩SL
2899,AIB7SK003,도트레이스SK
2900,AGC3TS051,M-데일리T
2901,AJH3ST012,S-95세트
2902,AJG3KN001,S-레이스골나시
2903,AKC7WS001,플라워차이나셔츠
2904,AJD3KT009,S-물결니트
2905,BFI3MF002,906말고삐
2906,ALB7VT001,J-OCDDHC-후드데님조끼
2907,AJB3PT005,C-핀턱아리PT
2908,AKB3KT015,S-배색단추니트
2909,BIC4SC002,유니크패션양말
2910,KLB7AC001,KJ-OCADHN-배색니트후드
2911,KLB3AK002,KC-SCCXC0-코튼세미부츠컷
2912,BJG4MF002,마레이스삼각
2913,AHE3SK015,S-721샤쉬폰
2914,BKF4MF002,텐셀잔꽃삼각
2915,AJE3TS028,S-물결도형T
2916,AJI3PT011,S-칠오이통
2917,AKC7WS003,소매포인셔츠
2918,AKJ3KT002,S-미키패치KT
2919,AJG3TS002,S-베트하프T
2920,AJG4ST001,S-이지세트
2921,AHF7BL015,펜슬사각배색BL
2922,AJD3TS017,C-베어하프T
2923,AIJ7LG002,엠레깅스
2924,AJD7BL008,리치BL
2925,AJH7BL012,단추도트BL
2926,AKD7JK002,크로스플라JK
2927,KKC4AK001,K색동나비꽃MF
2928,AIB4OP001,M-V넥플리츠OP
2929,BKI4SB003,리본플랫(836-3)
2930,AKF3BL020,C-아미벌룬BL
2931,AJI7KT007,러튼진주니트
2932,AKF3JP006,C-보니타썸머사파리
2933,AKD3BL007,S-캉캉소매롱BL
2934,AIC3PT026,S-핀탁언발
2935,AKC3DP007,Z-롤업일자데님
2936,AJE3TS042,S-단추포켓후드
2937,AIC3PT003,Q-주머니사선
2938,AKC3TS035,C-후드옆셔링티
2939,KKI7AC007,K캐쥬얼숄더백
2940,AIC3KT012,Q-빨래판보트넥
2941,AKF3JK004,C-와이어셔링JK
2942,AKC7KN001,레이스소매나시
2943,AJE4TS002,C-웨이브노방T
2944,ALC3ST001,3-OCCDHN-미후드SET
2945,AKB3TS003,S-소매스마일단
2946,AIC3CA005,Q-크롭단Y
2947,KJB3AK009,KS-토끼큐빅KT
2948,KJF3AK016,KC-리버배기
2949,KJH3AK001,KS-데님자수T
2950,KII3AK004,KS-이나데무
2951,AJH3PT027,S-심플통바지
2952,AJE3JK011,S-온리수JK
2953,AKD3TS019,S-블로어하프MTM
2954,KLC7AC004,KJ-CSCRHN-메쉬고방블라우스
2955,AKD3TS007,C-와플7부단가라T
2956,KID3AK002,KQ-소렌느BL
2957,BJD4MF014,사선주름타이
2958,AKI3PT001,C-메르큐롯팬츠
2959,AKE7WS001,수채꽃롱셔츠
2960,BKB4MF007,들꽃머플러
2961,BKF7BG001,H가죽백
2962,AHH3SK004,L-타운치마
2963,BKC3CP004,비즈거미
2964,KKE3AK007,KS-컬렉션BL
2965,KJF3AK004,KS-먼데이후드
2966,AKB3DP006,S-데미지워싱일자데님
2967,AJH3VT004,C-선샤인오픈VT
2968,AKE3PT007,C-호프밴딩통바지
2969,AJH7KN001,레스니트나시
2970,AKG3BL002,S-코아BL
2971,KIF7AC011,K카라라인Y
2972,KHD3AK008,KS-청레이스
2973,KLD7AC001,K3-SCLXX0-롱린넨PT
2974,KJB3AK011,KC-마이캐시RY
2975,AKF3DP007,S-앤비워싱데님
2976,AKH3BL011,S-흰장미BL
2977,AHI3BL002,L-오브제
2978,KKE3AK006,KC-웨스트셔츠롱원피스
2979,KJG3AK007,KC-와이줄진주
2980,ALB7WS004,J-GCCSAN-로맨틱셔츠
2981,AJB3PT002,Z-미샤밴드SL
2982,ALE7JK001,3-OCCCHN-나비데님자켓
2983,AKH3DP003,S-데님큐롯팬츠
2984,ALD3JK013,3-SCPDAN-타이미후드JK
2985,AKH3TS002,C-데일리퍼프BL
2986,ALE3JK008,3-SSPCHN-골드버튼JK
2987,AKE3PT015,C-베이직통스판PT
2988,AKE7KT003,썸후드KT
2989,AIG3PT012,S-깨고방5부
2990,AJI7KT015,포켓후드니트
2991,KKJ4AK001,K데일리숄머플러
2992,AKE3CA007,C-배색브이가디건
2993,ALD3WS007,3-TCLSHH-모모린넨셔츠
2994,AKE3PT010,C-크래커카고배기
2995,AIC3OP038,S-브이레이스쉬폰OP
2996,AJF7KN001,레브나시
2997,AKE7PT003,린넨와이드팬츠
2998,AJF3TS003,S-지퍼하프T
2999,AJC3BL020,S-모네BL
3000,AIG3PT033,S-712스판나팔
3001,AKE3ST003,C-영문후드SET
3002,AHF3PT025,S-191PT
3003,AIC3BL014,Q-아르BL
3004,AKG3TS008,C-쉬폰꼬임T
3005,BLE7BG001,블루토트미니백
3006,AJG7TS010,팬시BL
3007,AKC3SK002,C-잔체크쉬폰배색스커트
3008,AJD3PT011,S-로링부츠컷
3009,AKD3TS016,C-드로우래빗티
3010,AKC7SK005,파이핑스커트
3011,ALD7WS003,J-OCLSHN-고방단추셔츠
3012,AJF3JP017,S-4포켓윈드JP
3013,AKF7BL004,단가라조끼BL
3014,AKD4PT005,S-레터링자수조거
3015,AGI3PT003,M-디젤SL
3016,AKH3PT006,C-미나8부배기팬츠
3017,AKE3DP005,C-슬림일자데님
3018,ALE3JP011,3-OCPMHN-노방레터링JP
3019,BFI7MF002,패턴타이주름
3020,AKD7TS017,라인후드아노락
3021,AKD3KT013,S-반소매쉬폰KT
3022,AKD7JP006,진주포인점퍼
3023,AKE3KT013,S-단후드니트
3024,AKC4WS001,Z-하트자수남방
3025,ALE3JK002,3-SSLCHN-린넨테잎배색자켓
3026,BKF4SC009,여름면덧신(2pcs)
3027,AKE3JK008,S-허리스트링7부JK
3028,ALF3SK001,3-GCPXXL-마르스커트
3029,AKD3SK006,S-캉캉레이스SK
3030,AKF3DP001,C-슬럿데님배기
3031,AKH3TS015,Z-큐티나무T
3032,AIE3PT008,S-버리PT
3033,KGF3AK007,KM-벨라BL
3034,ALE3DP003,3-SCCXT9-밑단배색데님
3035,AKE3TS026,S-7부단배색T
3036,AJH3BL026,C-틴트리본BL
3037,AJC3TS027,S-드랑T
3038,AJC3PT002,Z-안나핀턱슬랙스
3039,AKG3OP008,S-카라지퍼OPS
3040,ALF3BL002,4-SSPSHF-뒷리본셔링BL
3041,BGG3CP003,잔도트리본
3042,AIG3PT003,Q-린넨5부바지
3043,BKE7GT002,무늬부채
3044,AID3JK011,S-숏고방JK
3045,AJF3PT022,C-아렌치마바지
3046,ALD3TS002,C-SSCFHN-하이넥핀턱T
3047,AKF7BL001,소프트브이BL
3048,AKC7SK003,플로레이스스커트
3049,AKH4TS001,S-언발날개T
3050,AGF1PT002,M-썸머부츠컷
3051,AJF3JP022,S-도니린넨JP
3052,AID3BL014,S-스텔라물나염
3053,BKD4GV011,무지쿨토시
3054,AGF7KN007,A펀칭니트나시
3055,ADD2PT003,센스9부
3056,BLF4MF007,린넨타이
3057,KLB3AK008,KC-TCCRHN-베이직단가라티
3058,ALF7ST001,3-OCARH9-단가라니트ST
3059,AKF3DP008,C-배색와이드데님
3060,AHC3TS075,S-뮤즈T
3061,AKE7ST001,나시와이드ST
3062,BGF3MF003,마레이스
3063,BFA2MF311,트윌리2
3064,AKE3KT011,S-르엔니트
3065,AKF7OP002,차이나린넨OPS
3066,ALE3TS002,3-OCPRHN-블링망사T
3067,AKD3WS006,S-왕꽃셔츠
3068,ALG3SK004,3-SCCXXL-유주롱스커트
3069,ALG3JK003,3-SCPSHN-보비JK
3070,AJG4IN002,S-인견Y존이너
3071,KLD7AC004,KJ-OCARHN-아트KT
3072,AJH3PT030,C-사이드셔링SL
3073,AJE3PT015,C-쿨링클SL
3074,KLC7AC008,K3-SCARHN-피오나니트
3075,BJF4SB003,스윗큐빅샌들(282)
3076,AKG3OP013,C-파파래핑원피스
3077,AHB3PT009,M-008면일자
3078,ALH3VT001,3-ECCHHN-메거진쉬폰나시
3079,AJC3PT022,C-엘라치노PT
3080,ALG7PT001,3-SCCXT9-모달밴딩와이드
3081,ALH3BN001,3-OCCSHN-레이스카라나시
3082,KLD7AK001,K3-SCLXX9-린넨배기PT
3083,ALH3BL003,3-OCCSHN-열매퍼프BL
3084,ALG3OP007,3-OCPRHL-믹스OPS
3085,ALH3OP007,3-SSPCXL-오드리OPS
3086,ALD7TS001,J-SCCRHN-원포켓스트링T
3087,KLD7AC005,K3-CCLXX9-미니고방PT
3088,AKH7BL002,J-체크린넨나시BL
3089,BKD4SC010,무지망사덧신(2pcs)
3090,KID7AC021,K에이프릴JP
3091,AID3BL011,S-플리츠주름
3092,KLF7AC004,K3-OCPDHN-레고후드
3093,KLC7AC009,K3-OCAVHN-와플브이니트
3094,AJH3OP029,S-바스퍼프OPS
3095,AKF3OP019,O-바스락플레어원피스
3096,AIE3PT016,Q-언발부츠컷
3097,KLF7AC005,KJ-스카프가죽백
3098,AJE7SK006,마리나염SK
3099,BKF4SC005,포인자수양말(2pcs)
3100,ALG3VT003,3-SCLVHN-끈린넨조끼
3101,KKD3AK015,KC-실켓베리라운드티
3102,KLE7AC003,K3-OSAZSN-삼각시스루나시
3103,AHF3OP016,Q-린넨꽃OPS
3104,BJF4SC006,진주레이스덧신
3105,AKI3BL001,C-메르블라우스
3106,ALF3OP005,3-SSCSHL-스티치셔츠OPS
3107,BKD4SC003,퓨어진주덧신
3108,AGC3SK022,C-도트2단플리츠
3109,KLE7AC002,K3-OCAFHN-하트포인니트
3110,ALI3OP006,3-OCPCHL-밴딩카라OPS
3111,KHC3AK022,KS-안나수이
3112,KLG7AC001,K3-OCARHN-원플라워니트
3113,AHE3OP048,Q-3546민소매OP
3114,AGC3OP041,A-스텔라원피스
3115,KKD3AK008,KC-차리밴딩배기팬츠
3116,AHH3BL017,S-545블라우스
3117,ALI7WS001,3-TCTVHN-니트콤비셔츠
3118,ALI3SK001,3-SCCXXL-텐셜데님스커트
3119,AHF3JP002,Q-별JP
3120,AIG3DP004,S-154무지청
3121,AII3PT018,S-멜로디PT
3122,AJJ7OP009,엔셔링카라OPS
3123,ALI3WS011,3-TCCSHN-하트자수줄셔츠
3124,AII7PT004,조거밴딩PT
3125,BKB3MF001,투톤머플러
3126,KJE3AK010,KS-토니반T
3127,ALI3DP012,3-SCCX10-딥워싱일자통데님
3128,KLD7AC003,K3-OCCRHN-캐릭아트T
3129,ALJ3BL002,3-OCPRHN-비바체BL
3130,ALI3VT004,3-OCPRHN-버클조끼
3131,ALJ3VT002,3-SCPDHN-엘라후드조끼
3132,ALI3OP001,3-SCPDXL-후드스트링OPS
3133,ALJ3WS002,3-CCCSHN-폴체크카라
3134,AKD7KT014,물감나염하프KT
3135,ALI3SL003,3-OCPX19-르떼일자슬랙스
3136,AHH3TS002,L-나염T
3137,BKC4SC003,골지덧신(2pcs)
3138,AKB3OP006,S-소매밴드후드OPS
3139,KLI7AC004,K3-SCARHN- 배색레이스니트
3140,KID7AC022,K스케치하트JP
3141,KLI7AC002,K3-SCARHN-망단추니트
3142,ALI7KT011,3-OCACHN-블링카라니트
3143,AKL7TS002,J-세븐맨투맨
3144,BKL4MF005,울컬링마름모
3145,BDJ0MF004,야옹이
3146,BJK4MF003,사선단가라
3147,AKI7DP003,J-꽃데님배기
3148,AKC3TS034,C-홀리데이배색라운드T
3149,AKL7JP011,P3-노멀덕다운롱패딩
3150,AKI7VT012,J-엠보퍼조끼
3151,AIJ3DP004,S-청나팔팬츠
3152,AKK3PT003,C-기모포켓골덴통팬츠
3153,BKL3CP001,패딩자수버킷햇
3154,AKK3JP005,S-엠보패딩점퍼
3155,BKL4MF008,에뜨울양면삼각
3156,AKI7JK015,J-호피카라니트자켓
3157,AKK7KT016,J-빈티지폴라니트
3158,ZA00CO031,카페라떼(3000)
3159,AIL7KT004,큰골단추니트
3160,AJL7KT022,도톰호피KT
3161,AKK7KT011,J-밑절개폴라니트
3162,BJJ4CP004,라인버킷
3163,AKI3BL005,C-코앤7부BL
3164,ZA00CO029,아메리카노(2000)
3165,AKL7TS004,J-그리핀후드T
3166,AKI3JK002,C-퍼프레더자켓
3167,AKL3JP008,S-레벨밴딩JP
3168,AJJ3OP001,S-밴딩후드OPS
3169,AKI7VT010,J-가든니트조끼
3170,BIL4SC002,도톰덧신(2pcs)
3171,AKJ3TS021,C-앤디시보리티
3172,AKC3WS016,C-랜디플라워셔츠
3173,BKL4GV006,밍크레이스장갑
3174,BKC4MF025,플라워양모사각
3175,AKK3JP008,S-푸디이중점퍼(패딩)
3176,AHI7TS006,파이핑후디
3177,AKK3JK003,C-울링자켓
3178,AKI7DP005,J-심플데님배기
3179,AKJ7JP001,J-배색후드점퍼
3180,BKK4MF013,미샤밍크방울
3181,AKQ4VT001,리얼양털베스트
3182,BKI7BG020,다이아백팩
3183,AJK3PT013,S-빙고단추PT
3184,AJL7KT028,하트배색KT
3185,AKJ3JP007,C-셔링후드합포점퍼
3186,AKJ3TS003,C-에이자수맨투맨
3187,AKL3JP007,C-비조버튼점퍼
3188,AKB3BL008,S-꽃포인BL
3189,AKI3JK005,S-데무나염자켓
3190,AJI7KT020,보이셔링니트
3191,AIJ3TS020,S-보브나염T
3192,AIC3TS013,S-버스T
3193,AKI3WS007,C-체크카라셔츠
3194,AKI3VT004,S-라보코튼조끼
3195,AKK3JP009,C-오레오패딩점퍼
3196,BJJ4CP014,덴버체크벙
3197,AKL3JP010,C-타이롱후드JP
3198,BFL3MF009,파스텔롱(937)
3199,AKB3WS009,S-레터링니트콤비남방
3200,AJK3DP004,C-조앤생지부츠컷데님
3201,AGL3CT029,S-체크라운드CT
3202,AKI7JK011,J-하운드니트자켓
3203,ZA00CO037,에스프레소(2000)
3204,AKL4JK001,S-구스핸드자켓
3205,AKK7KT024,P-테제니트
3206,AKI3BL017,S-이모션BL
3207,AKI7JK009,J-버튼니트자켓
3208,AKK7VT025,J-피카소니트조끼
3209,AKL3JP001,S-밴드시보리패딩
3210,AJL3JK003,C-벨벳패딩자켓(2온스)
3211,AKL3JK001,S-울브이샤자켓
3212,AKI7CA011,J-자수컬러가디건
3213,AHJ3ST001,S-니트터들세트
3214,AKK3JK001,C-카라핸드메이드자켓
3215,BKL4SC006,도톰플라워롱삭스(2pcs)
3216,BKL4SC007,울골지롱삭스
3217,AKK7JP001,J-러버덕다운점퍼
3218,AJD3BL003,S-안나핀탁BL
3219,AKL3JP002,S-몽실후리스점퍼
3220,AJJ3OP004,S-모스OPS
3221,AKJ3ST001,C-앨린후드SET
3222,AKL7TS001,J-볼캡맨투맨
3223,AKJ3JP002,C-푸디이중점퍼
3224,AJC3OP010,C-트링OPS
3225,AJK3CA002,S-베리베어울가디건
3226,BFI3MF007,동그리송치(롱)
3227,AJK3PT009,C-보탄배기
3228,BJL7BG001,포근미니크로스
3229,BIL4MF004,페이즐리니트
3230,AIJ3PT001,S-2배기PT
3231,AKB3DP004,C-레직주름난스판부츠컷데님
3232,AKK7KT013,J-단가라폴라니트
3233,AKK7JP010,J-시프니트후드집업
3234,AJL3PT019,C-코튼피치기모배기팬츠
3235,AHB3PT013,Q-2001랑방PT
3236,AKI7VT005,J-큐트단후드조끼
3237,AKC3OP019,C-트위즈카라원피스
3238,AEH1CT601,토즈 데님 사파리 자켓
3239,AJC3PT024,C-물결주름PT
3240,BJG4CP006,하트벙
3241,AKB3VT008,S-아크다이아VT
3242,AJC3KT013,S-컬러팝KT
3243,AGI3TS039,M-주름폴라
3244,AKK7KT028,J-디어랩니트
3245,AGB1JP002,A-파스텔점퍼
3246,AJI3TS012,S-엔비후드
3247,AKC4BL002,S-세일러카라BL
3248,AKI7KT014,J-린느컬러니트
3249,AJB3TS020,Q-잔꽃세리T
3250,AEK1OP501,투포켓 후드 짚업
3251,AJD3JP009,Z-레본후드JP
3252,AGI1VT001,M-몽클VT
3253,AKI3JP005,S-후드레더점퍼
3254,AHJ3OP003,Q-호피원피스
3255,AJB3JP005,S-셀랑JP
3256,AJC3PT014,C-엘린트임SL
3257,AGI7ST003,피쉬야상세트
3258,AGC3OP039,A-18-388
3259,AKB4JP001,C-링클레자버튼점퍼
3260,AGC3JP004,A-스프링후디
3261,AGC3JK023,S-트위드자켓
3262,AKK3TS019,C-리얼리티맨투맨
3263,BII4MF013,초롱이머플러
3264,BGI3MF031,뱀피가오리
3265,AKB3KT002,S-사선단추KT
3266,AKK7CT007,P-에펠울코트
3267,BJL4BG001,포그니클러치
3268,AJL3DP005,C-듀얼기모청배기
3269,AKC3VT005,S-뒷펀칭조끼
3270,AJC3KT014,S-하늘펄T
3271,AKK3KT005,P-민들레니트
3272,AKC3KT020,S-미니로즈KT
3273,AIC3TS063,Z-베이직긴팔
3274,ALC3JP005,C-SSPHAN-크리미하이넥점퍼
3275,AKB7JK006,심플레자자켓
3276,AJJ7VT006,자수꽈배기조끼
3277,AKC3JP019,S-허리조절후드JP
3278,BGI3MF002,가을나염
3279,AID3TS095,Q-단추목폴라
3280,AHG3TS027,Z-와이단츄티
3281,AKB7CA001,그린단추가디건
3282,AJC3TS041,S-오트단가라T
3283,AJC3JK007,S-스마일청JK
3284,AJI7BL001,마도니트블라우스
3285,AJI7BL002,케이니트블라우스
3286,AKJ3TS020,S-라운드자수티
3287,AKC3PT019,C-코튼일자와이드팬츠
3288,AIE3TS013,S-별붙힌티
3289,AKC3PT017,C-이브찰랑통바지
3290,AJI3VT005,S-페스타데님조끼
3291,AKK3TS020,P-스마일맨투맨
3292,ALB7WS006,J-ECCSHN-파인셔츠
3293,AIE7TS025,블루레이스T
3294,BKH4CP002,펀칭버킷햇
3295,AJF7TS004,스타트T
3296,AJD3OP005,C-씨드플라워OP
3297,AKL3DP001,S-이브롱기모부츠컷데님
3298,AJJ3TS023,S-프렌T
3299,BJC4MF007,단가라니트숄
3300,AKI3BL016,C-비브레터링BL
3301,AIB3TS008,M-코알라
3302,AIL3TS014,Q-악어레디
3303,AKK3TS010,S-어린왕자T
3304,AJB3VT004,S-샤링VT
3305,AIB3TS016,Q-물결
3306,AGC3KT018,A-보트넥단가라
3307,AJI3PT012,C-비오통PT
3308,AJI3TS016,C-리듬자수라운드티
3309,ALC3CT001,C-SCPDHL-아일렛날개롱사파리
3310,BFI3MF008,땅콩삼각
3311,AJB3TS015,S-보트넥단가라T
3312,AHJ3PT003,Q-타임2SL
3313,AJB3PT016,S-다양배기
3314,AJB3PT019,S-베니배기
3315,BCD0MF002,꽃잎레스
3316,BKI4SB008,테슬리본(2129)
3317,AJC3TS003,C-가든T
3318,AKI3JK008,S-라인절개JK
3319,BLC7BG001,J-모티프백팩
3320,AIC3TS060,Z-니엔테자수
3321,AJC3JP025,S-순리JP
3322,AIC3TS034,S-프린세스T
3323,AHC3JP010,Q-미니멀야상
3324,AHB3JP007,Q-27175버버리
3325,AKB3VT001,C-파스텔꽈배기니트조끼
3326,BLC4MF001,오르롱머플러
3327,BII4CP020,투봉제나뭇잎벙
3328,AHC3TS043,Q-듀얼로켓맨투맨
3329,AIB7JP005,카라버튼JP
3330,AJC7PT008,포인와이드PT
3331,AIJ3TS025,Q-하트진주
3332,AJK7JP003,샤인다운점퍼
3333,AJC3TS011,S-레이스라인T
3334,AJC3JP019,S-해피스JP
3335,BLC4MF011,프릴넥워머
3336,AKE3JK015,S-플랜씨배색JK
3337,BKD4SC017,패션망사덧신
3338,AII3CT003,Z-루더BBY
3339,BGI3MF036,울레이스
3340,AIC7BL009,진주콩BL
3341,BGE3MF023,S-면나염
3342,AKC7WS011,매니캣셔츠
3343,AKI3CT001,S-롱셔링트렌치
3344,AGI3JP014,S-아크네야상
3345,BHC3CP008,꽃리본벙거지
3346,AJE3TS030,S-토니반T
3347,AHE7WS002,삼각패턴NB
3348,AKB3PT014,C-앞포켓밴딩배기팬츠
3349,AKI7KT027,J-모멘트롱니트
3350,AGC3CT022,M-9S8바바리
3351,AJC3BL021,S-에딩BL
3352,BDC0MF010,리본삼각
3353,AKJ3TS010,S-도그맨투맨
3354,ALC7BL006,3-OCPRHN-세로줄BL
3355,ALD3OP002,3-SCPSXL-투포켓OPS
3356,AID3TS017,S-빅포켓
3357,AJH3BL019,S-나이스전사모자
3358,AII3PT004,S-더블배기
3359,AKI3KT002,C-바바부클니트
3360,BEJ6MF001,송치새
3361,BEJ6MF003,송치나뭇잎
3362,AJC3PT007,C-플리세미통
3363,AJH3PT020,C-오즈주름SL
3364,AIB7PT004,컬러조거PT
3365,AKE3JK014,S-핀탁미니JK
3366,AHC3JK010,S-라운드트윌JK
3367,AHJ3PT008,Q-앞트임바지
3368,BJC4BG002,사각니트백
3369,BIF4MF002,자연인견
3370,AHJ7TS010,백나염후디
3371,AKE3JK013,S-뒷단추미니JK
3372,AKE3WS004,C-프린팅셔츠
3373,AKI7JK014,J-패턴니트자켓
3374,AJB7PT002,패턴체크배기
3375,BJC4BG001,물결가방
3376,ALD3OP009,3-ESCRXL-푸린레이스OPS
3377,ALD3VI003,3-SCAVHN-루이니트조끼
3378,AKI3TS003,C-리브코튼티
3379,AKD3JP018,3-SSPHHN-웨이비점퍼
3380,ALD3PT003,3-SCLXT0-린넨끈통바지
3381,ZA00CO030,아이스아메리카노(2500)
3382,ALD3CA001,3-SCACHN-네트가디건
3383,AKE3TS018,S-헤리후드T
3384,NA00SC001,베르누베누드윈
3385,AKG3OP001,S-마니후드OPS
3386,AJC3KT015,C-세리단추KT
3387,AKD3JP017,Z-샤이니바람막이
3388,AJI3VT003,C-보크롱후드조끼
3389,AIC7TS007,핀턱TS
3390,AKG3TS009,C-에어T
3391,AJF3OP012,C-반팔후드OPS
3392,AKH7OP001,J-체크린넨점프수트
3393,AKE3OP002,C-뒷밴딩썸머원피스
3394,ALD3CA004,3-SCAVHC-크롭끈가디건
3395,AKD3OP001,C-마세카라원피스
3396,AGE3JP015,M-프린트바람막이
3397,AIG4WS001,S-포켓카라니트
3398,AKE7KT002,큐리하프KT
3399,AIC3PT030,Z-테잎SL
3400,ALD3PT001,3-SCPXT0-스탑PT
3401,ALC3TS006,C-OCTRHN-V플라워T
3402,AKF3TS022,S-내츄럴린넨T
3403,AKC3TS009,C-커밍플리츠하프티
3404,AJG3JK004,C-미소JK
3405,ALD3OP007,3-OCCSXL-카라나염OPS
3406,AJB7WS017,미키청배색NB
3407,AIE3JP009,S-뒷나염린넨JP
3408,AKD3DP006,S-데미워싱반배기데님
3409,AKE3DP002,C-블루와이드데님
3410,AKD3VT013,S-포켓단추블링조끼
3411,BGI3CP010,나뭇잎벙거지
3412,AKF3TS017,S-뉴욕자수나염T
3413,AKF7TS004,바트T
3414,AKH7KT001,J-메이니트
3415,BKB7BG017,부엉이백팩
3416,AHB3OP010,Q-프릴리프OPS
3417,AKI7JP012,J-비즈니트집업
3418,AJH3DP001,S-뒷모습청5부
3419,AKH3TS007,S-린넨펀칭T
3420,AKD7WS007,베이비미키셔츠
3421,ALE3WS002,3-OCPSHN-포켓나비셔츠
3422,ALE3JP010,3-SCPMHN-윈디후드JP
3423,AKG3OP021,S-그리스OPS
3424,AIF3PT027,S-초코통
3425,AKG4OP001,C-토스플라워원피스
3426,ALE3WS001,3-OCCSHN-별스트링셔츠
3427,ALD3OP008,3-SSCRXL-다나OPS
3428,ALC7PT001,J-OCCXB9-피에배기팬츠
3429,ALE3JK006,3-SSPCAN-셔링이중JK
3430,AHF7DP004,M-조거데님
3431,AKD7KN009,베이직니트나시
3432,ZA00CO045,망고쥬스
3433,BIG7BG007,버튼가죽백
3434,AIF3DP004,S-크래커배기
3435,AKD3DP007,S-밑단커팅부츠컷
3436,AKE7VT002,뒷포인데님조끼
3437,AJE7WS003,린넨포켓NB
3438,ALB7KT002,J-OCARHN-비즈스마일니트
3439,AKE3PT006,C-쿨코튼배기팬츠
3440,AIC7KT004,솔라니트
3441,AKC3JK001,C-로미라운드트위드자켓
3442,AKH3JK001,C-골드언발JK
3443,AHI7BL006,스모킹러플BL
3444,AIC3TS012,S-로이퍼프R
3445,AJC7WS002,단가라후드NB
3446,ZA00CO032,아이스카페라떼(3500)
3447,AGI3KT013,Q-에르니트
3448,AIF3BL004,S-우드BL
3449,AHF3TS004,M-로즈퍼프T
3450,ALF3WS002,3-FCCSHN-플라워나염셔츠
3451,AJI7KT016,쇼트컬러니트
3452,AKD7TN001,단추골지나시
3453,AKJ3VT003,S-네크브이조끼
3454,AJE7BL016,스타후디BL
3455,AID3WS007,S-손자수롱
3456,ALF3BL008,3-OCPRHN-파파야BL
3457,AKE3TS011,C-쿠쿠단하프티
3458,AKG7BL003,J-두겹그물반팔
3459,AIG3PT001,S-샌더일자통
3460,AIF3WS005,S-린넨모던핀탁
3461,AJF3DP028,C-고요하프데님
3462,ALF3JK010,3-SSLNHF-노카라더블JK
3463,ZA00CO044,석류쥬스
3464,AIF7WS003,하늘린넨NB
3465,ALF3TS009,3-SCLRON-모튼린넨맨투맨
3466,AJG3OP019,C-아너체크OPS
3467,BGI3MF050,삼각레스
3468,BKE4SB013,썸머패턴운동화(R569)
3469,AHG7KN001,M-보들브이KN
3470,AJD3JP007,Z-솔드JP
3471,AIG3PT002,S-이지640PT
3472,AJF7BL004,도트러플BL
3473,AIE3KT007,S-장미스판KT
3474,ALF3BL010,3-SSPRHN-진주레이스카라BL
3475,AG00TN001,D-모모끈세트
3476,AKB3JP001,S-디쥬프릴점퍼
3477,AJE7BL007,물결트임BL
3478,AJE3BL020,C-리카단추BL
3479,ALE3TS004,3-OCCRHN-베니스펄T
3480,AFA2VT808,자가드박시VEST
3481,AGC3BL009,F-빙고BL
3482,AID7JP006,용과JP
3483,AJD7BL006,랜디BL
3484,AKE3ST014,S-페이크SET
3485,AKE3DP014,S-자루와이드데님
3486,AHJ3PT002,S-홀릭조거
3487,AKD7KT019,배색래빗하프니트
3488,AJC3BL003,C-가인BL
3489,ALG3TS001,3-SCCRHN-조인T
3490,AJF3JP014,S-끈후드마JP
3491,ALG4KT001,3-TCPCHN-노방단가라KT
3492,ALF3BL011,3-TSPCHN-언발스트라이프BL
3493,AIE3BL008,S-로에나염
3494,ALE3DP001,3-OCCXB9-리본청배기
3495,AHG7OP004,수채화OP
3496,AID4WS001,S-스트라이프롱셔츠
3497,AJD7OP004,이즐OP
3498,AJD7OP006,이즐꽃OP
3499,ALD3JP006,3-SSPHHN-웨이비점퍼
3500,AJI3JK005,C-루징펄자켓
3501,AHG7WS006,M-화가NB
3502,ALG3JK004,3-SCLNHN-린넨차이나JK
3503,AJJ7SK002,파든롱스커트
3504,AHC3JP018,Q-토리돛나염JP
3505,BKB7BG006,이지플라워백
3506,BHC3MF021,하트70
3507,ALH3OP005,3-TCCCXL-세일러OPS
3508,AKC3TS028,C-보니기본반폴티
3509,AKE3KT005,S-빛깔라운드KT
3510,BLH3CP001,망사햇
3511,AII7KT003,캡소매반목KT
3512,ALI3VT002,3-OCPDHN-영문후드VT
3513,ALH3ST001,3-SCPRTN-미니포켓SET
3514,ALG3PT005,3-SCLXB9-트임린넨팬츠
3515,AID3TS015,S-레이스R
3516,AJH7WS002,라비하프NB
3517,AJC3OP018,S-버리OP
3518,AIC3ST008,S-윈드SET
3519,AJF3TS006,S-더엘T
3520,AKI3PT023,C-래스빈와이드슬랙스
3521,AKE7VT003,십자데님조끼
3522,ALI3BL002,3-OCCRHN-그로우BL
3523,AJC3DP010,C-로나B청
3524,ALG3WS004,3-SCCSHN-심플아사남방
3525,AKK4JK002,S-마크울자켓
3526,ALI7DP006,3-OCCXB9-미키청배기
3527,AIG3JP005,S-옆단추차이나롱JP
3528,ALI3DP005,3-SCCXT9-마론일자통데님
3529,ALI3OP003,3-SCPCXL-지퍼카라OPS
3530,BLC4MF006,셀롱머플러
3531,ALI3DP008,3-SCCXC0-브이부츠컷데님
3532,ALI3BL001,3-GCPRHN-사각퍼프BL
3533,ALG3BN001,3-TCLRHN-스트링줄나시
3534,BLI7BG017,모비백팩
3535,ALG3WS005,3-SCOSHN-쿨링셔츠
3536,ALI3OP002,3-SSPVXL-핀턱벨트OPS
3537,ALJ7JP001,3-SC2NHN-옆끈레자자켓
3538,BLJ4SB004,골드리본뮬(632-6)
3539,ALJ3JP001,3-SCCDHL-마니사파리점퍼
3540,ZA00CO016,ICE 추가(음료)
3541,ALG3DP003,3-SCCXT0-플레어와이드데님
3542,ALI7PT001,3-CCCXB9-체크카고배기
3543,ALI3KT001,3-SCARHN-로우니트
3544,AKB7BL001,단가라소매퍼프BL
3545,ALI3JK001,3-SCCCHC-볼륨셔츠JK
3546,AKB3PT009,C-스템일자통PT
3547,BLJ4SC002,레이스발등덧신(2pcs)
3548,ALI7VT002,3-OCCVHN-넝쿨데님조끼
3549,BLJ4CP008,자가드펠트두건
