Column1,Column2
removed_image_path,original_image_path
img\이미지인덱싱\1501.jpg,1232.jpg
img\이미지인덱싱\1604.jpg,1597.jpg
img\이미지인덱싱\1738.jpg,1664.jpg
img\이미지인덱싱\1747.jpg,1744.jpg
img\이미지인덱싱\1790.jpg,1787.jpg
img\이미지인덱싱\1873.jpg,1872.jpg
img\이미지인덱싱\1919.jpg,1916.jpg
img\이미지인덱싱\1920.jpg,1915.jpg
img\이미지인덱싱\1921.jpg,1917.jpg
img\이미지인덱싱\1959.jpg,1651.jpg
img\이미지인덱싱\1961.jpg,1652.jpg
img\이미지인덱싱\1963.jpg,1653.jpg
img\이미지인덱싱\1964.jpg,1654.jpg
img\이미지인덱싱\1965.jpg,1657.jpg
img\이미지인덱싱\1968.jpg,1658.jpg
img\이미지인덱싱\1969.jpg,1659.jpg
img\이미지인덱싱\1971.jpg,1655.jpg
img\이미지인덱싱\1972.jpg,1656.jpg
img\이미지인덱싱\1973.jpg,1661.jpg
img\이미지인덱싱\1977.jpg,1660.jpg
img\이미지인덱싱\1978.jpg,1663.jpg
img\이미지인덱싱\1980.jpg,1671.jpg
img\이미지인덱싱\1981.jpg,1667.jpg
img\이미지인덱싱\1983.jpg,1668.jpg
img\이미지인덱싱\1984.jpg,1673.jpg
img\이미지인덱싱\1985.jpg,1664.jpg
img\이미지인덱싱\1986.jpg,1674.jpg
img\이미지인덱싱\1987.jpg,1665.jpg
img\이미지인덱싱\1988.jpg,1669.jpg
img\이미지인덱싱\1989.jpg,1666.jpg
img\이미지인덱싱\1990.jpg,1675.jpg
img\이미지인덱싱\1991.jpg,1670.jpg
img\이미지인덱싱\1993.jpg,1677.jpg
img\이미지인덱싱\1995.jpg,1680.jpg
img\이미지인덱싱\1998.jpg,1672.jpg
img\이미지인덱싱\2000.jpg,1681.jpg
img\이미지인덱싱\2001.jpg,1682.jpg
img\이미지인덱싱\2003.jpg,1683.jpg
img\이미지인덱싱\2004.jpg,1676.jpg
img\이미지인덱싱\2005.jpg,1678.jpg
img\이미지인덱싱\2007.jpg,1679.jpg
img\이미지인덱싱\2008.jpg,1689.jpg
img\이미지인덱싱\2011.jpg,1690.jpg
img\이미지인덱싱\2012.jpg,1693.jpg
img\이미지인덱싱\2013.jpg,1694.jpg
img\이미지인덱싱\2014.jpg,1697.jpg
img\이미지인덱싱\2015.jpg,1684.jpg
img\이미지인덱싱\2016.jpg,1691.jpg
img\이미지인덱싱\2017.jpg,1704.jpg
img\이미지인덱싱\2018.jpg,1701.jpg
img\이미지인덱싱\2019.jpg,1685.jpg
img\이미지인덱싱\2022.jpg,1713.jpg
img\이미지인덱싱\2023.jpg,1686.jpg
img\이미지인덱싱\2025.jpg,1706.jpg
img\이미지인덱싱\2026.jpg,1687.jpg
img\이미지인덱싱\2027.jpg,1702.jpg
img\이미지인덱싱\2028.jpg,1688.jpg
img\이미지인덱싱\203.jpg,202.jpg
img\이미지인덱싱\2030.jpg,1707.jpg
img\이미지인덱싱\2032.jpg,1712.jpg
img\이미지인덱싱\2034.jpg,1692.jpg
img\이미지인덱싱\2035.jpg,1714.jpg
img\이미지인덱싱\2037.jpg,1709.jpg
img\이미지인덱싱\2039.jpg,1716.jpg
img\이미지인덱싱\2040.jpg,1696.jpg
img\이미지인덱싱\2041.jpg,1695.jpg
img\이미지인덱싱\2043.jpg,1698.jpg
img\이미지인덱싱\2045.jpg,1719.jpg
img\이미지인덱싱\2046.jpg,1703.jpg
img\이미지인덱싱\2047.jpg,1699.jpg
img\이미지인덱싱\2049.jpg,1700.jpg
img\이미지인덱싱\2051.jpg,1725.jpg
img\이미지인덱싱\2052.jpg,1728.jpg
img\이미지인덱싱\2053.jpg,1718.jpg
img\이미지인덱싱\2054.jpg,1727.jpg
img\이미지인덱싱\2055.jpg,1705.jpg
img\이미지인덱싱\2058.jpg,1708.jpg
img\이미지인덱싱\2059.jpg,1710.jpg
img\이미지인덱싱\2060.jpg,1729.jpg
img\이미지인덱싱\2061.jpg,1711.jpg
img\이미지인덱싱\2062.jpg,1724.jpg
img\이미지인덱싱\2064.jpg,1715.jpg
img\이미지인덱싱\2069.jpg,1740.jpg
img\이미지인덱싱\2070.jpg,1734.jpg
img\이미지인덱싱\2071.jpg,1737.jpg
img\이미지인덱싱\2073.jpg,1721.jpg
img\이미지인덱싱\2074.jpg,1717.jpg
img\이미지인덱싱\2075.jpg,1746.jpg
img\이미지인덱싱\2076.jpg,1720.jpg
img\이미지인덱싱\2077.jpg,1744.jpg
img\이미지인덱싱\2078.jpg,1723.jpg
img\이미지인덱싱\2080.jpg,1722.jpg
img\이미지인덱싱\2082.jpg,1754.jpg
img\이미지인덱싱\2084.jpg,1750.jpg
img\이미지인덱싱\2085.jpg,1726.jpg
img\이미지인덱싱\2086.jpg,1751.jpg
img\이미지인덱싱\2087.jpg,1736.jpg
img\이미지인덱싱\2088.jpg,1756.jpg
img\이미지인덱싱\2089.jpg,1757.jpg
img\이미지인덱싱\2093.jpg,1762.jpg
img\이미지인덱싱\2094.jpg,1767.jpg
img\이미지인덱싱\2096.jpg,1730.jpg
img\이미지인덱싱\2097.jpg,1771.jpg
img\이미지인덱싱\2098.jpg,1731.jpg
img\이미지인덱싱\2099.jpg,1769.jpg
img\이미지인덱싱\2100.jpg,1732.jpg
img\이미지인덱싱\2101.jpg,1769.jpg
img\이미지인덱싱\2102.jpg,1771.jpg
img\이미지인덱싱\2103.jpg,1733.jpg
img\이미지인덱싱\2104.jpg,1735.jpg
img\이미지인덱싱\2105.jpg,1760.jpg
img\이미지인덱싱\2106.jpg,1755.jpg
img\이미지인덱싱\2107.jpg,1773.jpg
img\이미지인덱싱\2108.jpg,1770.jpg
img\이미지인덱싱\2109.jpg,1664.jpg
img\이미지인덱싱\2111.jpg,1739.jpg
img\이미지인덱싱\2112.jpg,1774.jpg
img\이미지인덱싱\2113.jpg,1743.jpg
img\이미지인덱싱\2114.jpg,1742.jpg
img\이미지인덱싱\2115.jpg,1748.jpg
img\이미지인덱싱\2116.jpg,1776.jpg
img\이미지인덱싱\2117.jpg,1741.jpg
img\이미지인덱싱\2119.jpg,1777.jpg
img\이미지인덱싱\2120.jpg,1745.jpg
img\이미지인덱싱\2121.jpg,1749.jpg
img\이미지인덱싱\2122.jpg,1779.jpg
img\이미지인덱싱\2123.jpg,1752.jpg
img\이미지인덱싱\2124.jpg,1753.jpg
img\이미지인덱싱\2125.jpg,1772.jpg
img\이미지인덱싱\2126.jpg,1782.jpg
img\이미지인덱싱\2127.jpg,1785.jpg
img\이미지인덱싱\2128.jpg,1786.jpg
img\이미지인덱싱\2130.jpg,1784.jpg
img\이미지인덱싱\2131.jpg,1789.jpg
img\이미지인덱싱\2133.jpg,1759.jpg
img\이미지인덱싱\2135.jpg,1761.jpg
img\이미지인덱싱\2137.jpg,1758.jpg
img\이미지인덱싱\2138.jpg,1791.jpg
img\이미지인덱싱\2139.jpg,1763.jpg
img\이미지인덱싱\2140.jpg,1793.jpg
img\이미지인덱싱\2141.jpg,1764.jpg
img\이미지인덱싱\2142.jpg,1792.jpg
img\이미지인덱싱\2143.jpg,1788.jpg
img\이미지인덱싱\2144.jpg,1765.jpg
img\이미지인덱싱\2146.jpg,1765.jpg
img\이미지인덱싱\2147.jpg,1821.jpg
img\이미지인덱싱\2148.jpg,1768.jpg
img\이미지인덱싱\2149.jpg,2145.jpg
img\이미지인덱싱\2150.jpg,1798.jpg
img\이미지인덱싱\2152.jpg,1803.jpg
img\이미지인덱싱\2153.jpg,1808.jpg
img\이미지인덱싱\2154.jpg,1815.jpg
img\이미지인덱싱\2155.jpg,1814.jpg
img\이미지인덱싱\2156.jpg,1775.jpg
img\이미지인덱싱\2160.jpg,1778.jpg
img\이미지인덱싱\2161.jpg,1839.jpg
img\이미지인덱싱\2162.jpg,1799.jpg
img\이미지인덱싱\2163.jpg,1780.jpg
img\이미지인덱싱\2164.jpg,1824.jpg
img\이미지인덱싱\2165.jpg,1783.jpg
img\이미지인덱싱\2168.jpg,1781.jpg
img\이미지인덱싱\2171.jpg,1823.jpg
img\이미지인덱싱\2175.jpg,1828.jpg
img\이미지인덱싱\2177.jpg,1836.jpg
img\이미지인덱싱\2179.jpg,1853.jpg
img\이미지인덱싱\2180.jpg,1805.jpg
img\이미지인덱싱\2182.jpg,1787.jpg
img\이미지인덱싱\2184.jpg,1787.jpg
img\이미지인덱싱\2185.jpg,2181.jpg
img\이미지인덱싱\2186.jpg,1845.jpg
img\이미지인덱싱\2187.jpg,1843.jpg
img\이미지인덱싱\2188.jpg,1795.jpg
img\이미지인덱싱\2189.jpg,1794.jpg
img\이미지인덱싱\2190.jpg,1847.jpg
img\이미지인덱싱\2191.jpg,1849.jpg
img\이미지인덱싱\2192.jpg,1819.jpg
img\이미지인덱싱\2193.jpg,1797.jpg
img\이미지인덱싱\2194.jpg,1796.jpg
img\이미지인덱싱\2196.jpg,1801.jpg
img\이미지인덱싱\2197.jpg,1800.jpg
img\이미지인덱싱\2198.jpg,1809.jpg
img\이미지인덱싱\2200.jpg,1802.jpg
img\이미지인덱싱\2202.jpg,1858.jpg
img\이미지인덱싱\2203.jpg,1855.jpg
img\이미지인덱싱\2204.jpg,1887.jpg
img\이미지인덱싱\2205.jpg,1861.jpg
img\이미지인덱싱\2206.jpg,1804.jpg
img\이미지인덱싱\2207.jpg,1807.jpg
img\이미지인덱싱\2208.jpg,1822.jpg
img\이미지인덱싱\2209.jpg,1862.jpg
img\이미지인덱싱\2210.jpg,1813.jpg
img\이미지인덱싱\2211.jpg,1806.jpg
img\이미지인덱싱\2212.jpg,1860.jpg
img\이미지인덱싱\2213.jpg,1810.jpg
img\이미지인덱싱\2214.jpg,1865.jpg
img\이미지인덱싱\2215.jpg,1811.jpg
img\이미지인덱싱\2217.jpg,1812.jpg
img\이미지인덱싱\2220.jpg,1869.jpg
img\이미지인덱싱\2222.jpg,1897.jpg
img\이미지인덱싱\2223.jpg,1816.jpg
img\이미지인덱싱\2224.jpg,1872.jpg
img\이미지인덱싱\2225.jpg,1820.jpg
img\이미지인덱싱\2226.jpg,1817.jpg
img\이미지인덱싱\2227.jpg,1903.jpg
img\이미지인덱싱\2228.jpg,1897.jpg
img\이미지인덱싱\2230.jpg,1876.jpg
img\이미지인덱싱\2233.jpg,1875.jpg
img\이미지인덱싱\2235.jpg,1883.jpg
img\이미지인덱싱\2236.jpg,1826.jpg
img\이미지인덱싱\2237.jpg,1825.jpg
img\이미지인덱싱\2238.jpg,1878.jpg
img\이미지인덱싱\2239.jpg,1885.jpg
img\이미지인덱싱\2240.jpg,1879.jpg
img\이미지인덱싱\2241.jpg,1880.jpg
img\이미지인덱싱\2242.jpg,1886.jpg
img\이미지인덱싱\2244.jpg,1831.jpg
img\이미지인덱싱\2245.jpg,1827.jpg
img\이미지인덱싱\2246.jpg,1882.jpg
img\이미지인덱싱\2248.jpg,1829.jpg
img\이미지인덱싱\2249.jpg,1891.jpg
img\이미지인덱싱\2250.jpg,1830.jpg
img\이미지인덱싱\2253.jpg,1881.jpg
img\이미지인덱싱\2254.jpg,1842.jpg
img\이미지인덱싱\2255.jpg,1890.jpg
img\이미지인덱싱\2256.jpg,1833.jpg
img\이미지인덱싱\2258.jpg,1835.jpg
img\이미지인덱싱\2259.jpg,1832.jpg
img\이미지인덱싱\2260.jpg,1899.jpg
img\이미지인덱싱\2261.jpg,1895.jpg
img\이미지인덱싱\2262.jpg,1922.jpg
img\이미지인덱싱\2263.jpg,1834.jpg
img\이미지인덱싱\2264.jpg,1923.jpg
img\이미지인덱싱\2265.jpg,1898.jpg
img\이미지인덱싱\2389.jpg,2386.jpg
img\이미지인덱싱\2427.jpg,2422.jpg
img\이미지인덱싱\2507.jpg,2505.jpg
img\이미지인덱싱\2508.jpg,2506.jpg
img\이미지인덱싱\2568.jpg,1101.jpg
img\이미지인덱싱\2574.jpg,1105.jpg
img\이미지인덱싱\2597.jpg,2595.jpg
img\이미지인덱싱\2678.jpg,2676.jpg
img\이미지인덱싱\2721.jpg,2316.jpg
img\이미지인덱싱\2724.jpg,1167.jpg
img\이미지인덱싱\2737.jpg,111.jpg
img\이미지인덱싱\2764.jpg,2760.jpg
img\이미지인덱싱\2777.jpg,128.jpg
img\이미지인덱싱\2799.jpg,1698.jpg
img\이미지인덱싱\2823.jpg,2369.jpg
img\이미지인덱싱\2849.jpg,2559.jpg
img\이미지인덱싱\2850.jpg,2564.jpg
img\이미지인덱싱\2851.jpg,2565.jpg
img\이미지인덱싱\2852.jpg,1105.jpg
img\이미지인덱싱\2854.jpg,2589.jpg
img\이미지인덱싱\2855.jpg,2594.jpg
img\이미지인덱싱\2857.jpg,2596.jpg
img\이미지인덱싱\2858.jpg,2611.jpg
img\이미지인덱싱\2859.jpg,2627.jpg
img\이미지인덱싱\2861.jpg,2622.jpg
img\이미지인덱싱\2862.jpg,2623.jpg
img\이미지인덱싱\2864.jpg,2666.jpg
img\이미지인덱싱\2865.jpg,2663.jpg
img\이미지인덱싱\2873.jpg,2685.jpg
img\이미지인덱싱\2874.jpg,2718.jpg
img\이미지인덱싱\2875.jpg,2704.jpg
img\이미지인덱싱\2887.jpg,2778.jpg
img\이미지인덱싱\2888.jpg,2847.jpg
img\이미지인덱싱\289.jpg,1.jpg
img\이미지인덱싱\2891.jpg,2793.jpg
img\이미지인덱싱\2901.jpg,2843.jpg
img\이미지인덱싱\291.jpg,2.jpg
img\이미지인덱싱\2919.jpg,2918.jpg
img\이미지인덱싱\2957.jpg,2955.jpg
img\이미지인덱싱\297.jpg,10.jpg
img\이미지인덱싱\2984.jpg,2703.jpg
img\이미지인덱싱\3.jpg,292.jpg
img\이미지인덱싱\30.jpg,1718.jpg
img\이미지인덱싱\301.jpg,15.jpg
img\이미지인덱싱\302.jpg,12.jpg
img\이미지인덱싱\303.jpg,11.jpg
img\이미지인덱싱\304.jpg,14.jpg
img\이미지인덱싱\3048.jpg,1216.jpg
img\이미지인덱싱\305.jpg,17.jpg
img\이미지인덱싱\307.jpg,18.jpg
img\이미지인덱싱\3082.jpg,3077.jpg
img\이미지인덱싱\309.jpg,20.jpg
img\이미지인덱싱\3098.jpg,1245.jpg
img\이미지인덱싱\310.jpg,13.jpg
img\이미지인덱싱\311.jpg,16.jpg
img\이미지인덱싱\3119.jpg,2002.jpg
img\이미지인덱싱\312.jpg,22.jpg
img\이미지인덱싱\313.jpg,24.jpg
img\이미지인덱싱\315.jpg,26.jpg
img\이미지인덱싱\316.jpg,27.jpg
img\이미지인덱싱\317.jpg,28.jpg
img\이미지인덱싱\319.jpg,19.jpg
img\이미지인덱싱\32.jpg,2616.jpg
img\이미지인덱싱\320.jpg,241.jpg
img\이미지인덱싱\322.jpg,21.jpg
img\이미지인덱싱\325.jpg,1718.jpg
img\이미지인덱싱\326.jpg,23.jpg
img\이미지인덱싱\327.jpg,29.jpg
img\이미지인덱싱\328.jpg,31.jpg
img\이미지인덱싱\332.jpg,2616.jpg
img\이미지인덱싱\3343.jpg,2231.jpg
img\이미지인덱싱\335.jpg,1100.jpg
img\이미지인덱싱\3353.jpg,1636.jpg
img\이미지인덱싱\336.jpg,25.jpg
img\이미지인덱싱\341.jpg,1103.jpg
img\이미지인덱싱\3411.jpg,1009.jpg
img\이미지인덱싱\342.jpg,1102.jpg
img\이미지인덱싱\346.jpg,1104.jpg
img\이미지인덱싱\35.jpg,349.jpg
img\이미지인덱싱\352.jpg,1106.jpg
img\이미지인덱싱\353.jpg,33.jpg
img\이미지인덱싱\354.jpg,34.jpg
img\이미지인덱싱\3557.jpg,3549.jpg
img\이미지인덱싱\3558.jpg,3550.jpg
img\이미지인덱싱\3584.jpg,2617.jpg
img\이미지인덱싱\3585.jpg,2010.jpg
img\이미지인덱싱\3586.jpg,2630.jpg
img\이미지인덱싱\3589.jpg,2057.jpg
img\이미지인덱싱\3590.jpg,2866.jpg
img\이미지인덱싱\3592.jpg,2868.jpg
img\이미지인덱싱\3593.jpg,13.jpg
img\이미지인덱싱\3599.jpg,2728.jpg
img\이미지인덱싱\36.jpg,340.jpg
img\이미지인덱싱\3601.jpg,2876.jpg
img\이미지인덱싱\3607.jpg,2804.jpg
img\이미지인덱싱\3609.jpg,2717.jpg
img\이미지인덱싱\3615.jpg,2234.jpg
img\이미지인덱싱\3623.jpg,2910.jpg
img\이미지인덱싱\3631.jpg,2915.jpg
img\이미지인덱싱\3635.jpg,2926.jpg
img\이미지인덱싱\3640.jpg,2691.jpg
img\이미지인덱싱\3641.jpg,2479.jpg
img\이미지인덱싱\3661.jpg,2947.jpg
img\이미지인덱싱\3662.jpg,2952.jpg
img\이미지인덱싱\3668.jpg,2953.jpg
img\이미지인덱싱\3670.jpg,2943.jpg
img\이미지인덱싱\3672.jpg,2977.jpg
img\이미지인덱싱\3675.jpg,2970.jpg
img\이미지인덱싱\3676.jpg,2975.jpg
img\이미지인덱싱\3679.jpg,148.jpg
img\이미지인덱싱\368.jpg,1107.jpg
img\이미지인덱싱\3680.jpg,1394.jpg
img\이미지인덱싱\3682.jpg,133.jpg
img\이미지인덱싱\3685.jpg,2988.jpg
img\이미지인덱싱\3688.jpg,136.jpg
img\이미지인덱싱\3689.jpg,2983.jpg
img\이미지인덱싱\3690.jpg,154.jpg
img\이미지인덱싱\3696.jpg,2231.jpg
img\이미지인덱싱\3699.jpg,2803.jpg
img\이미지인덱싱\37.jpg,347.jpg
img\이미지인덱싱\3703.jpg,2157.jpg
img\이미지인덱싱\3706.jpg,155.jpg
img\이미지인덱싱\3708.jpg,2843.jpg
img\이미지인덱싱\371.jpg,370.jpg
img\이미지인덱싱\3719.jpg,3039.jpg
img\이미지인덱싱\3734.jpg,3068.jpg
img\이미지인덱싱\3735.jpg,3054.jpg
img\이미지인덱싱\3741.jpg,2911.jpg
img\이미지인덱싱\3746.jpg,3100.jpg
img\이미지인덱싱\3749.jpg,1241.jpg
img\이미지인덱싱\3759.jpg,3116.jpg
img\이미지인덱싱\376.jpg,3610.jpg
img\이미지인덱싱\3763.jpg,284.jpg
img\이미지인덱싱\3766.jpg,275.jpg
img\이미지인덱싱\3797.jpg,1440.jpg
img\이미지인덱싱\38.jpg,344.jpg
img\이미지인덱싱\3844.jpg,2951.jpg
img\이미지인덱싱\3845.jpg,2974.jpg
img\이미지인덱싱\3853.jpg,3006.jpg
img\이미지인덱싱\389.jpg,1108.jpg
img\이미지인덱싱\39.jpg,378.jpg
img\이미지인덱싱\393.jpg,1110.jpg
img\이미지인덱싱\3954.jpg,3121.jpg
img\이미지인덱싱\3959.jpg,2316.jpg
img\이미지인덱싱\4.jpg,293.jpg
img\이미지인덱싱\40.jpg,378.jpg
img\이미지인덱싱\4002.jpg,3120.jpg
img\이미지인덱싱\4057.jpg,3124.jpg
img\이미지인덱싱\406.jpg,1112.jpg
img\이미지인덱싱\4086.jpg,2912.jpg
img\이미지인덱싱\409.jpg,1113.jpg
img\이미지인덱싱\4092.jpg,3125.jpg
img\이미지인덱싱\41.jpg,3610.jpg
img\이미지인덱싱\4141.jpg,2502.jpg
img\이미지인덱싱\4155.jpg,314.jpg
img\이미지인덱싱\4156.jpg,2629.jpg
img\이미지인덱싱\4171.jpg,2745.jpg
img\이미지인덱싱\4185.jpg,2815.jpg
img\이미지인덱싱\42.jpg,350.jpg
img\이미지인덱싱\420.jpg,1119.jpg
img\이미지인덱싱\421.jpg,1118.jpg
img\이미지인덱싱\4217.jpg,4216.jpg
img\이미지인덱싱\4219.jpg,2923.jpg
img\이미지인덱싱\4232.jpg,2711.jpg
img\이미지인덱싱\427.jpg,1121.jpg
img\이미지인덱싱\43.jpg,360.jpg
img\이미지인덱싱\4309.jpg,2837.jpg
img\이미지인덱싱\4316.jpg,3058.jpg
img\이미지인덱싱\4362.jpg,4361.jpg
img\이미지인덱싱\4392.jpg,1177.jpg
img\이미지인덱싱\4399.jpg,1651.jpg
img\이미지인덱싱\44.jpg,359.jpg
img\이미지인덱싱\4400.jpg,1652.jpg
img\이미지인덱싱\4401.jpg,1653.jpg
img\이미지인덱싱\4402.jpg,1960.jpg
img\이미지인덱싱\4403.jpg,1654.jpg
img\이미지인덱싱\4404.jpg,1962.jpg
img\이미지인덱싱\4405.jpg,1657.jpg
img\이미지인덱싱\4410.jpg,1655.jpg
img\이미지인덱싱\4411.jpg,1658.jpg
img\이미지인덱싱\4413.jpg,1656.jpg
img\이미지인덱싱\4414.jpg,1659.jpg
img\이미지인덱싱\4415.jpg,1970.jpg
img\이미지인덱싱\4416.jpg,1966.jpg
img\이미지인덱싱\4417.jpg,1967.jpg
img\이미지인덱싱\4420.jpg,1661.jpg
img\이미지인덱싱\4424.jpg,1660.jpg
img\이미지인덱싱\4425.jpg,1662.jpg
img\이미지인덱싱\4426.jpg,1663.jpg
img\이미지인덱싱\4428.jpg,1974.jpg
img\이미지인덱싱\4430.jpg,1975.jpg
img\이미지인덱싱\4433.jpg,1976.jpg
img\이미지인덱싱\4434.jpg,1667.jpg
img\이미지인덱싱\4435.jpg,1671.jpg
img\이미지인덱싱\4437.jpg,1668.jpg
img\이미지인덱싱\4438.jpg,1664.jpg
img\이미지인덱싱\4439.jpg,1666.jpg
img\이미지인덱싱\4441.jpg,1360.jpg
img\이미지인덱싱\4442.jpg,1665.jpg
img\이미지인덱싱\4443.jpg,1979.jpg
img\이미지인덱싱\4444.jpg,1673.jpg
img\이미지인덱싱\4445.jpg,1670.jpg
img\이미지인덱싱\4446.jpg,1674.jpg
img\이미지인덱싱\4448.jpg,1669.jpg
img\이미지인덱싱\4450.jpg,1982.jpg
img\이미지인덱싱\4451.jpg,1672.jpg
img\이미지인덱싱\4452.jpg,1675.jpg
img\이미지인덱싱\4454.jpg,1680.jpg
img\이미지인덱싱\4455.jpg,1677.jpg
img\이미지인덱싱\4458.jpg,323.jpg
img\이미지인덱싱\4460.jpg,1681.jpg
img\이미지인덱싱\4461.jpg,1676.jpg
img\이미지인덱싱\4462.jpg,1678.jpg
img\이미지인덱싱\4463.jpg,1682.jpg
img\이미지인덱싱\4466.jpg,314.jpg
img\이미지인덱싱\4467.jpg,1679.jpg
img\이미지인덱싱\4468.jpg,1683.jpg
img\이미지인덱싱\4473.jpg,1992.jpg
img\이미지인덱싱\4474.jpg,4472.jpg
img\이미지인덱싱\4475.jpg,1996.jpg
img\이미지인덱싱\4476.jpg,1994.jpg
img\이미지인덱싱\4477.jpg,1997.jpg
img\이미지인덱싱\448.jpg,447.jpg
img\이미지인덱싱\4482.jpg,1999.jpg
img\이미지인덱싱\4483.jpg,1361.jpg
img\이미지인덱싱\4484.jpg,1689.jpg
img\이미지인덱싱\4485.jpg,1684.jpg
img\이미지인덱싱\4486.jpg,1690.jpg
img\이미지인덱싱\4487.jpg,1694.jpg
img\이미지인덱싱\4494.jpg,1693.jpg
img\이미지인덱싱\4495.jpg,1685.jpg
img\이미지인덱싱\4496.jpg,2002.jpg
img\이미지인덱싱\4498.jpg,1687.jpg
img\이미지인덱싱\4499.jpg,1686.jpg
img\이미지인덱싱\45.jpg,357.jpg
img\이미지인덱싱\4500.jpg,1688.jpg
img\이미지인덱싱\4501.jpg,1697.jpg
img\이미지인덱싱\4502.jpg,2010.jpg
img\이미지인덱싱\4504.jpg,1704.jpg
img\이미지인덱싱\4505.jpg,1701.jpg
img\이미지인덱싱\4506.jpg,2006.jpg
img\이미지인덱싱\4509.jpg,1692.jpg
img\이미지인덱싱\4511.jpg,4510.jpg
img\이미지인덱싱\4512.jpg,1707.jpg
img\이미지인덱싱\4513.jpg,1364.jpg
img\이미지인덱싱\4515.jpg,1692.jpg
img\이미지인덱싱\4518.jpg,1698.jpg
img\이미지인덱싱\4520.jpg,1695.jpg
img\이미지인덱싱\4521.jpg,2009.jpg
img\이미지인덱싱\4522.jpg,1713.jpg
img\이미지인덱싱\4523.jpg,1706.jpg
img\이미지인덱싱\4524.jpg,1696.jpg
img\이미지인덱싱\4525.jpg,1712.jpg
img\이미지인덱싱\4527.jpg,1702.jpg
img\이미지인덱싱\4529.jpg,1700.jpg
img\이미지인덱싱\4537.jpg,1699.jpg
img\이미지인덱싱\4538.jpg,1703.jpg
img\이미지인덱싱\4539.jpg,33.jpg
img\이미지인덱싱\4541.jpg,2036.jpg
img\이미지인덱싱\4543.jpg,1716.jpg
img\이미지인덱싱\4545.jpg,1714.jpg
img\이미지인덱싱\4549.jpg,1691.jpg
img\이미지인덱싱\4551.jpg,2020.jpg
img\이미지인덱싱\4552.jpg,1711.jpg
img\이미지인덱싱\4554.jpg,1711.jpg
img\이미지인덱싱\4555.jpg,1691.jpg
img\이미지인덱싱\4556.jpg,4550.jpg
img\이미지인덱싱\4558.jpg,2020.jpg
img\이미지인덱싱\4559.jpg,1710.jpg
img\이미지인덱싱\456.jpg,3626.jpg
img\이미지인덱싱\4560.jpg,1719.jpg
img\이미지인덱싱\4565.jpg,2021.jpg
img\이미지인덱싱\4568.jpg,1725.jpg
img\이미지인덱싱\4571.jpg,2031.jpg
img\이미지인덱싱\4573.jpg,1363.jpg
img\이미지인덱싱\4574.jpg,1727.jpg
img\이미지인덱싱\4575.jpg,2024.jpg
img\이미지인덱싱\4576.jpg,2056.jpg
img\이미지인덱싱\4577.jpg,1728.jpg
img\이미지인덱싱\4579.jpg,1715.jpg
img\이미지인덱싱\4580.jpg,2029.jpg
img\이미지인덱싱\4581.jpg,1720.jpg
img\이미지인덱싱\4582.jpg,1721.jpg
img\이미지인덱싱\4584.jpg,2033.jpg
img\이미지인덱싱\4585.jpg,1717.jpg
img\이미지인덱싱\4586.jpg,1722.jpg
img\이미지인덱싱\4588.jpg,1729.jpg
img\이미지인덱싱\4589.jpg,1723.jpg
img\이미지인덱싱\4591.jpg,1367.jpg
img\이미지인덱싱\4592.jpg,2079.jpg
img\이미지인덱싱\4593.jpg,2066.jpg
img\이미지인덱싱\4595.jpg,2042.jpg
img\이미지인덱싱\4596.jpg,1736.jpg
img\이미지인덱싱\4599.jpg,1726.jpg
img\이미지인덱싱\46.jpg,358.jpg
img\이미지인덱싱\4602.jpg,1709.jpg
img\이미지인덱싱\4603.jpg,1724.jpg
img\이미지인덱싱\4604.jpg,1740.jpg
img\이미지인덱싱\4606.jpg,1734.jpg
img\이미지인덱싱\4607.jpg,2057.jpg
img\이미지인덱싱\4609.jpg,2048.jpg
img\이미지인덱싱\4611.jpg,2038.jpg
img\이미지인덱싱\4612.jpg,1746.jpg
img\이미지인덱싱\4614.jpg,1737.jpg
img\이미지인덱싱\4615.jpg,1744.jpg
img\이미지인덱싱\4619.jpg,2050.jpg
img\이미지인덱싱\462.jpg,100.jpg
img\이미지인덱싱\4620.jpg,2044.jpg
img\이미지인덱싱\4624.jpg,1732.jpg
img\이미지인덱싱\4625.jpg,1754.jpg
img\이미지인덱싱\4628.jpg,2081.jpg
img\이미지인덱싱\4629.jpg,1730.jpg
img\이미지인덱싱\4630.jpg,1735.jpg
img\이미지인덱싱\4631.jpg,1731.jpg
img\이미지인덱싱\4634.jpg,1731.jpg
img\이미지인덱싱\4635.jpg,1772.jpg
img\이미지인덱싱\4637.jpg,1750.jpg
img\이미지인덱싱\4639.jpg,1751.jpg
img\이미지인덱싱\4642.jpg,2063.jpg
img\이미지인덱싱\4643.jpg,1365.jpg
img\이미지인덱싱\4644.jpg,2594.jpg
img\이미지인덱싱\4645.jpg,1757.jpg
img\이미지인덱싱\4649.jpg,1664.jpg
img\이미지인덱싱\4650.jpg,1756.jpg
img\이미지인덱싱\4652.jpg,1742.jpg
img\이미지인덱싱\4654.jpg,1739.jpg
img\이미지인덱싱\4655.jpg,1366.jpg
img\이미지인덱싱\4656.jpg,2095.jpg
img\이미지인덱싱\466.jpg,101.jpg
img\이미지인덱싱\4660.jpg,2067.jpg
img\이미지인덱싱\4662.jpg,1771.jpg
img\이미지인덱싱\4663.jpg,1741.jpg
img\이미지인덱싱\4664.jpg,2065.jpg
img\이미지인덱싱\4665.jpg,1767.jpg
img\이미지인덱싱\4667.jpg,1762.jpg
img\이미지인덱싱\4668.jpg,1749.jpg
img\이미지인덱싱\4670.jpg,1745.jpg
img\이미지인덱싱\4671.jpg,4412.jpg
img\이미지인덱싱\4672.jpg,4418.jpg
img\이미지인덱싱\4673.jpg,1970.jpg
img\이미지인덱싱\4674.jpg,4421.jpg
img\이미지인덱싱\4675.jpg,4427.jpg
img\이미지인덱싱\4676.jpg,4431.jpg
img\이미지인덱싱\4677.jpg,4429.jpg
img\이미지인덱싱\4678.jpg,4432.jpg
img\이미지인덱싱\4679.jpg,4440.jpg
img\이미지인덱싱\4681.jpg,4447.jpg
img\이미지인덱싱\4682.jpg,4449.jpg
img\이미지인덱싱\4683.jpg,4457.jpg
img\이미지인덱싱\4684.jpg,4456.jpg
img\이미지인덱싱\4685.jpg,4465.jpg
img\이미지인덱싱\4686.jpg,4470.jpg
img\이미지인덱싱\4687.jpg,314.jpg
img\이미지인덱싱\4688.jpg,4471.jpg
img\이미지인덱싱\4689.jpg,4479.jpg
img\이미지인덱싱\4690.jpg,4459.jpg
img\이미지인덱싱\4691.jpg,4478.jpg
img\이미지인덱싱\4692.jpg,4481.jpg
img\이미지인덱싱\4693.jpg,323.jpg
img\이미지인덱싱\4694.jpg,4480.jpg
img\이미지인덱싱\4695.jpg,4493.jpg
img\이미지인덱싱\4696.jpg,4490.jpg
img\이미지인덱싱\4697.jpg,4489.jpg
img\이미지인덱싱\4698.jpg,4492.jpg
img\이미지인덱싱\4699.jpg,1655.jpg
img\이미지인덱싱\47.jpg,383.jpg
img\이미지인덱싱\470.jpg,103.jpg
img\이미지인덱싱\4700.jpg,4508.jpg
img\이미지인덱싱\4701.jpg,4503.jpg
img\이미지인덱싱\4702.jpg,4510.jpg
img\이미지인덱싱\4703.jpg,4516.jpg
img\이미지인덱싱\4704.jpg,4507.jpg
img\이미지인덱싱\4705.jpg,4517.jpg
img\이미지인덱싱\4706.jpg,4491.jpg
img\이미지인덱싱\4707.jpg,4519.jpg
img\이미지인덱싱\4708.jpg,4491.jpg
img\이미지인덱싱\4709.jpg,4535.jpg
img\이미지인덱싱\4710.jpg,4540.jpg
img\이미지인덱싱\4711.jpg,4528.jpg
img\이미지인덱싱\4712.jpg,4532.jpg
img\이미지인덱싱\4713.jpg,4550.jpg
img\이미지인덱싱\4714.jpg,4536.jpg
img\이미지인덱싱\4715.jpg,4531.jpg
img\이미지인덱싱\4716.jpg,4547.jpg
img\이미지인덱싱\4717.jpg,4557.jpg
img\이미지인덱싱\4718.jpg,4561.jpg
img\이미지인덱싱\4719.jpg,4546.jpg
img\이미지인덱싱\4720.jpg,4569.jpg
img\이미지인덱싱\4721.jpg,4566.jpg
img\이미지인덱싱\4722.jpg,4563.jpg
img\이미지인덱싱\4723.jpg,4572.jpg
img\이미지인덱싱\4724.jpg,4553.jpg
img\이미지인덱싱\4726.jpg,4590.jpg
img\이미지인덱싱\4727.jpg,4600.jpg
img\이미지인덱싱\4728.jpg,4587.jpg
img\이미지인덱싱\4729.jpg,4623.jpg
img\이미지인덱싱\4730.jpg,2036.jpg
img\이미지인덱싱\4731.jpg,4608.jpg
img\이미지인덱싱\4732.jpg,1724.jpg
img\이미지인덱싱\4733.jpg,2033.jpg
img\이미지인덱싱\4734.jpg,4616.jpg
img\이미지인덱싱\4735.jpg,4613.jpg
img\이미지인덱싱\4736.jpg,4610.jpg
img\이미지인덱싱\4737.jpg,4618.jpg
img\이미지인덱싱\4739.jpg,4632.jpg
img\이미지인덱싱\474.jpg,102.jpg
img\이미지인덱싱\4740.jpg,4633.jpg
img\이미지인덱싱\4741.jpg,4641.jpg
img\이미지인덱싱\4742.jpg,4647.jpg
img\이미지인덱싱\4743.jpg,4627.jpg
img\이미지인덱싱\4744.jpg,2042.jpg
img\이미지인덱싱\4746.jpg,4641.jpg
img\이미지인덱싱\4747.jpg,4622.jpg
img\이미지인덱싱\4748.jpg,4640.jpg
img\이미지인덱싱\4749.jpg,4626.jpg
img\이미지인덱싱\4750.jpg,4636.jpg
img\이미지인덱싱\4751.jpg,4621.jpg
img\이미지인덱싱\4752.jpg,4638.jpg
img\이미지인덱싱\4753.jpg,4659.jpg
img\이미지인덱싱\4754.jpg,4651.jpg
img\이미지인덱싱\4755.jpg,4653.jpg
img\이미지인덱싱\4756.jpg,4594.jpg
img\이미지인덱싱\4757.jpg,4661.jpg
img\이미지인덱싱\4758.jpg,4657.jpg
img\이미지인덱싱\4759.jpg,2056.jpg
img\이미지인덱싱\476.jpg,105.jpg
img\이미지인덱싱\4760.jpg,4658.jpg
img\이미지인덱싱\4762.jpg,4597.jpg
img\이미지인덱싱\4763.jpg,4669.jpg
img\이미지인덱싱\477.jpg,104.jpg
img\이미지인덱싱\4770.jpg,4666.jpg
img\이미지인덱싱\4774.jpg,364.jpg
img\이미지인덱싱\4781.jpg,4648.jpg
img\이미지인덱싱\48.jpg,361.jpg
img\이미지인덱싱\4802.jpg,379.jpg
img\이미지인덱싱\4821.jpg,4814.jpg
img\이미지인덱싱\4824.jpg,4818.jpg
img\이미지인덱싱\4829.jpg,4159.jpg
img\이미지인덱싱\483.jpg,106.jpg
img\이미지인덱싱\484.jpg,107.jpg
img\이미지인덱싱\4856.jpg,4853.jpg
img\이미지인덱싱\4858.jpg,444.jpg
img\이미지인덱싱\486.jpg,485.jpg
img\이미지인덱싱\487.jpg,112.jpg
img\이미지인덱싱\488.jpg,1126.jpg
img\이미지인덱싱\4881.jpg,2167.jpg
img\이미지인덱싱\489.jpg,109.jpg
img\이미지인덱싱\4896.jpg,4883.jpg
img\이미지인덱싱\4898.jpg,4886.jpg
img\이미지인덱싱\49.jpg,387.jpg
img\이미지인덱싱\491.jpg,1124.jpg
img\이미지인덱싱\4913.jpg,417.jpg
img\이미지인덱싱\492.jpg,110.jpg
img\이미지인덱싱\4929.jpg,20.jpg
img\이미지인덱싱\4931.jpg,2736.jpg
img\이미지인덱싱\4932.jpg,2877.jpg
img\이미지인덱싱\4933.jpg,2881.jpg
img\이미지인덱싱\4934.jpg,2604.jpg
img\이미지인덱싱\4935.jpg,2895.jpg
img\이미지인덱싱\4936.jpg,2898.jpg
img\이미지인덱싱\4937.jpg,2941.jpg
img\이미지인덱싱\4939.jpg,2922.jpg
img\이미지인덱싱\494.jpg,116.jpg
img\이미지인덱싱\4940.jpg,4363.jpg
img\이미지인덱싱\4943.jpg,2909.jpg
img\이미지인덱싱\4944.jpg,2936.jpg
img\이미지인덱싱\4945.jpg,2939.jpg
img\이미지인덱싱\4947.jpg,2959.jpg
img\이미지인덱싱\4948.jpg,2969.jpg
img\이미지인덱싱\4949.jpg,2711.jpg
img\이미지인덱싱\495.jpg,114.jpg
img\이미지인덱싱\4950.jpg,4359.jpg
img\이미지인덱싱\4954.jpg,2990.jpg
img\이미지인덱싱\4955.jpg,2991.jpg
img\이미지인덱싱\4958.jpg,2999.jpg
img\이미지인덱싱\4959.jpg,2995.jpg
img\이미지인덱싱\496.jpg,113.jpg
img\이미지인덱싱\4960.jpg,3014.jpg
img\이미지인덱싱\4961.jpg,2994.jpg
img\이미지인덱싱\4962.jpg,2992.jpg
img\이미지인덱싱\4964.jpg,3013.jpg
img\이미지인덱싱\4966.jpg,3001.jpg
img\이미지인덱싱\4970.jpg,3040.jpg
img\이미지인덱싱\4971.jpg,3035.jpg
img\이미지인덱싱\4972.jpg,3027.jpg
img\이미지인덱싱\4974.jpg,3049.jpg
img\이미지인덱싱\4975.jpg,2971.jpg
img\이미지인덱싱\4976.jpg,3045.jpg
img\이미지인덱싱\4977.jpg,3060.jpg
img\이미지인덱싱\4978.jpg,3071.jpg
img\이미지인덱싱\4979.jpg,3064.jpg
img\이미지인덱싱\498.jpg,120.jpg
img\이미지인덱싱\4980.jpg,3077.jpg
img\이미지인덱싱\4981.jpg,2837.jpg
img\이미지인덱싱\4982.jpg,3088.jpg
img\이미지인덱싱\4983.jpg,3080.jpg
img\이미지인덱싱\4984.jpg,3019.jpg
img\이미지인덱싱\4986.jpg,3072.jpg
img\이미지인덱싱\4987.jpg,3089.jpg
img\이미지인덱싱\4988.jpg,3093.jpg
img\이미지인덱싱\4991.jpg,3102.jpg
img\이미지인덱싱\4992.jpg,3031.jpg
img\이미지인덱싱\4993.jpg,3104.jpg
img\이미지인덱싱\4995.jpg,2913.jpg
img\이미지인덱싱\4996.jpg,3101.jpg
img\이미지인덱싱\4997.jpg,3106.jpg
img\이미지인덱싱\4999.jpg,2920.jpg
img\이미지인덱싱\5.jpg,294.jpg
img\이미지인덱싱\50.jpg,362.jpg
img\이미지인덱싱\5000.jpg,3108.jpg
img\이미지인덱싱\5001.jpg,3086.jpg
img\이미지인덱싱\5003.jpg,3063.jpg
img\이미지인덱싱\5008.jpg,1241.jpg
img\이미지인덱싱\5017.jpg,4188.jpg
img\이미지인덱싱\5019.jpg,3091.jpg
img\이미지인덱싱\502.jpg,123.jpg
img\이미지인덱싱\503.jpg,118.jpg
img\이미지인덱싱\504.jpg,125.jpg
img\이미지인덱싱\5042.jpg,4394.jpg
img\이미지인덱싱\505.jpg,122.jpg
img\이미지인덱싱\506.jpg,119.jpg
img\이미지인덱싱\507.jpg,117.jpg
img\이미지인덱싱\508.jpg,115.jpg
img\이미지인덱싱\5085.jpg,2963.jpg
img\이미지인덱싱\509.jpg,4848.jpg
img\이미지인덱싱\51.jpg,377.jpg
img\이미지인덱싱\510.jpg,127.jpg
img\이미지인덱싱\5103.jpg,3026.jpg
img\이미지인덱싱\512.jpg,111.jpg
img\이미지인덱싱\5123.jpg,4248.jpg
img\이미지인덱싱\5138.jpg,5137.jpg
img\이미지인덱싱\514.jpg,126.jpg
img\이미지인덱싱\5172.jpg,1309.jpg
img\이미지인덱싱\5174.jpg,3881.jpg
img\이미지인덱싱\5177.jpg,3882.jpg
img\이미지인덱싱\5178.jpg,3883.jpg
img\이미지인덱싱\5179.jpg,3884.jpg
img\이미지인덱싱\518.jpg,130.jpg
img\이미지인덱싱\5180.jpg,3885.jpg
img\이미지인덱싱\5181.jpg,3886.jpg
img\이미지인덱싱\5183.jpg,3887.jpg
img\이미지인덱싱\5184.jpg,3890.jpg
img\이미지인덱싱\5188.jpg,3888.jpg
img\이미지인덱싱\5189.jpg,3889.jpg
img\이미지인덱싱\5191.jpg,3891.jpg
img\이미지인덱싱\5192.jpg,2270.jpg
img\이미지인덱싱\5195.jpg,3893.jpg
img\이미지인덱싱\5197.jpg,3892.jpg
img\이미지인덱싱\5198.jpg,3894.jpg
img\이미지인덱싱\5199.jpg,1122.jpg
img\이미지인덱싱\52.jpg,366.jpg
img\이미지인덱싱\5201.jpg,3932.jpg
img\이미지인덱싱\5202.jpg,3897.jpg
img\이미지인덱싱\5203.jpg,3895.jpg
img\이미지인덱싱\5206.jpg,3896.jpg
img\이미지인덱싱\5207.jpg,3901.jpg
img\이미지인덱싱\5208.jpg,3902.jpg
img\이미지인덱싱\5210.jpg,3900.jpg
img\이미지인덱싱\5215.jpg,3899.jpg
img\이미지인덱싱\5216.jpg,3898.jpg
img\이미지인덱싱\5217.jpg,2273.jpg
img\이미지인덱싱\5218.jpg,3903.jpg
img\이미지인덱싱\5219.jpg,3908.jpg
img\이미지인덱싱\5220.jpg,3904.jpg
img\이미지인덱싱\5222.jpg,3905.jpg
img\이미지인덱싱\5225.jpg,3906.jpg
img\이미지인덱싱\5226.jpg,3907.jpg
img\이미지인덱싱\5229.jpg,3909.jpg
img\이미지인덱싱\5231.jpg,3911.jpg
img\이미지인덱싱\5232.jpg,3919.jpg
img\이미지인덱싱\5233.jpg,3915.jpg
img\이미지인덱싱\5234.jpg,3916.jpg
img\이미지인덱싱\5237.jpg,3912.jpg
img\이미지인덱싱\5240.jpg,3913.jpg
img\이미지인덱싱\5241.jpg,3910.jpg
img\이미지인덱싱\5247.jpg,3926.jpg
img\이미지인덱싱\5248.jpg,3914.jpg
img\이미지인덱싱\525.jpg,517.jpg
img\이미지인덱싱\5251.jpg,3929.jpg
img\이미지인덱싱\5254.jpg,2110.jpg
img\이미지인덱싱\5255.jpg,3917.jpg
img\이미지인덱싱\5256.jpg,3930.jpg
img\이미지인덱싱\5257.jpg,3918.jpg
img\이미지인덱싱\5259.jpg,3920.jpg
img\이미지인덱싱\5263.jpg,3921.jpg
img\이미지인덱싱\5264.jpg,3922.jpg
img\이미지인덱싱\5265.jpg,3924.jpg
img\이미지인덱싱\5267.jpg,3925.jpg
img\이미지인덱싱\5268.jpg,3923.jpg
img\이미지인덱싱\527.jpg,519.jpg
img\이미지인덱싱\5270.jpg,3927.jpg
img\이미지인덱싱\5272.jpg,3928.jpg
img\이미지인덱싱\5276.jpg,2291.jpg
img\이미지인덱싱\5277.jpg,3934.jpg
img\이미지인덱싱\5278.jpg,3935.jpg
img\이미지인덱싱\528.jpg,121.jpg
img\이미지인덱싱\5280.jpg,3936.jpg
img\이미지인덱싱\5281.jpg,3931.jpg
img\이미지인덱싱\5283.jpg,3933.jpg
img\이미지인덱싱\5287.jpg,2298.jpg
img\이미지인덱싱\5289.jpg,3943.jpg
img\이미지인덱싱\5290.jpg,3944.jpg
img\이미지인덱싱\5291.jpg,3937.jpg
img\이미지인덱싱\5292.jpg,3938.jpg
img\이미지인덱싱\5295.jpg,3939.jpg
img\이미지인덱싱\5299.jpg,3940.jpg
img\이미지인덱싱\53.jpg,367.jpg
img\이미지인덱싱\530.jpg,132.jpg
img\이미지인덱싱\5301.jpg,3941.jpg
img\이미지인덱싱\5303.jpg,3942.jpg
img\이미지인덱싱\5305.jpg,3945.jpg
img\이미지인덱싱\5308.jpg,3946.jpg
img\이미지인덱싱\531.jpg,124.jpg
img\이미지인덱싱\5311.jpg,3947.jpg
img\이미지인덱싱\5312.jpg,2243.jpg
img\이미지인덱싱\5314.jpg,3948.jpg
img\이미지인덱싱\5315.jpg,3949.jpg
img\이미지인덱싱\5316.jpg,3963.jpg
img\이미지인덱싱\5317.jpg,3950.jpg
img\이미지인덱싱\5319.jpg,3952.jpg
img\이미지인덱싱\532.jpg,129.jpg
img\이미지인덱싱\5320.jpg,3951.jpg
img\이미지인덱싱\5322.jpg,3955.jpg
img\이미지인덱싱\5324.jpg,3953.jpg
img\이미지인덱싱\5325.jpg,3966.jpg
img\이미지인덱싱\5326.jpg,2712.jpg
img\이미지인덱싱\5327.jpg,3958.jpg
img\이미지인덱싱\5328.jpg,3957.jpg
img\이미지인덱싱\5329.jpg,3960.jpg
img\이미지인덱싱\5330.jpg,3122.jpg
img\이미지인덱싱\5335.jpg,3972.jpg
img\이미지인덱싱\5336.jpg,3962.jpg
img\이미지인덱싱\5339.jpg,3974.jpg
img\이미지인덱싱\534.jpg,1128.jpg
img\이미지인덱싱\5342.jpg,3964.jpg
img\이미지인덱싱\5343.jpg,2316.jpg
img\이미지인덱싱\5344.jpg,3967.jpg
img\이미지인덱싱\5348.jpg,3965.jpg
img\이미지인덱싱\535.jpg,131.jpg
img\이미지인덱싱\5350.jpg,3968.jpg
img\이미지인덱싱\5351.jpg,3123.jpg
img\이미지인덱싱\5356.jpg,3976.jpg
img\이미지인덱싱\5359.jpg,3971.jpg
img\이미지인덱싱\536.jpg,135.jpg
img\이미지인덱싱\5360.jpg,3970.jpg
img\이미지인덱싱\5361.jpg,3978.jpg
img\이미지인덱싱\5363.jpg,2324.jpg
img\이미지인덱싱\5367.jpg,3985.jpg
img\이미지인덱싱\5368.jpg,3956.jpg
img\이미지인덱싱\537.jpg,133.jpg
img\이미지인덱싱\5372.jpg,3973.jpg
img\이미지인덱싱\5374.jpg,4101.jpg
img\이미지인덱싱\5377.jpg,3988.jpg
img\이미지인덱싱\5378.jpg,3975.jpg
img\이미지인덱싱\5379.jpg,3993.jpg
img\이미지인덱싱\5380.jpg,3991.jpg
img\이미지인덱싱\5382.jpg,3994.jpg
img\이미지인덱싱\5385.jpg,3977.jpg
img\이미지인덱싱\5389.jpg,3996.jpg
img\이미지인덱싱\539.jpg,1129.jpg
img\이미지인덱싱\5390.jpg,3980.jpg
img\이미지인덱싱\5391.jpg,4001.jpg
img\이미지인덱싱\5393.jpg,3982.jpg
img\이미지인덱싱\5396.jpg,3981.jpg
img\이미지인덱싱\5398.jpg,3984.jpg
img\이미지인덱싱\54.jpg,372.jpg
img\이미지인덱싱\540.jpg,4159.jpg
img\이미지인덱싱\5400.jpg,3983.jpg
img\이미지인덱싱\5401.jpg,3987.jpg
img\이미지인덱싱\5405.jpg,3992.jpg
img\이미지인덱싱\5408.jpg,3989.jpg
img\이미지인덱싱\541.jpg,138.jpg
img\이미지인덱싱\5410.jpg,4005.jpg
img\이미지인덱싱\5413.jpg,3995.jpg
img\이미지인덱싱\5415.jpg,3997.jpg
img\이미지인덱싱\5417.jpg,3999.jpg
img\이미지인덱싱\5418.jpg,3990.jpg
img\이미지인덱싱\542.jpg,136.jpg
img\이미지인덱싱\5424.jpg,3998.jpg
img\이미지인덱싱\5426.jpg,4000.jpg
img\이미지인덱싱\5432.jpg,4014.jpg
img\이미지인덱싱\5434.jpg,4003.jpg
img\이미지인덱싱\5436.jpg,4004.jpg
img\이미지인덱싱\544.jpg,1130.jpg
img\이미지인덱싱\5443.jpg,5246.jpg
img\이미지인덱싱\5444.jpg,2110.jpg
img\이미지인덱싱\5445.jpg,2243.jpg
img\이미지인덱싱\5446.jpg,5337.jpg
img\이미지인덱싱\5447.jpg,5395.jpg
img\이미지인덱싱\5449.jpg,2157.jpg
img\이미지인덱싱\547.jpg,140.jpg
img\이미지인덱싱\548.jpg,142.jpg
img\이미지인덱싱\5481.jpg,3356.jpg
img\이미지인덱싱\549.jpg,141.jpg
img\이미지인덱싱\55.jpg,375.jpg
img\이미지인덱싱\550.jpg,137.jpg
img\이미지인덱싱\551.jpg,139.jpg
img\이미지인덱싱\553.jpg,108.jpg
img\이미지인덱싱\554.jpg,158.jpg
img\이미지인덱싱\557.jpg,1133.jpg
img\이미지인덱싱\558.jpg,145.jpg
img\이미지인덱싱\56.jpg,381.jpg
img\이미지인덱싱\561.jpg,4923.jpg
img\이미지인덱싱\562.jpg,2218.jpg
img\이미지인덱싱\5647.jpg,3445.jpg
img\이미지인덱싱\5665.jpg,3439.jpg
img\이미지인덱싱\5670.jpg,5669.jpg
img\이미지인덱싱\5680.jpg,3451.jpg
img\이미지인덱싱\5684.jpg,3450.jpg
img\이미지인덱싱\57.jpg,386.jpg
img\이미지인덱싱\5718.jpg,5714.jpg
img\이미지인덱싱\5719.jpg,5715.jpg
img\이미지인덱싱\572.jpg,4423.jpg
img\이미지인덱싱\58.jpg,380.jpg
img\이미지인덱싱\59.jpg,384.jpg
img\이미지인덱싱\6.jpg,298.jpg
img\이미지인덱싱\60.jpg,382.jpg
img\이미지인덱싱\61.jpg,390.jpg
img\이미지인덱싱\62.jpg,392.jpg
img\이미지인덱싱\63.jpg,391.jpg
img\이미지인덱싱\64.jpg,396.jpg
img\이미지인덱싱\65.jpg,394.jpg
img\이미지인덱싱\650.jpg,4530.jpg
img\이미지인덱싱\66.jpg,398.jpg
img\이미지인덱싱\67.jpg,400.jpg
img\이미지인덱싱\68.jpg,401.jpg
img\이미지인덱싱\69.jpg,397.jpg
img\이미지인덱싱\7.jpg,300.jpg
img\이미지인덱싱\70.jpg,399.jpg
img\이미지인덱싱\71.jpg,403.jpg
img\이미지인덱싱\710.jpg,2362.jpg
img\이미지인덱싱\715.jpg,4182.jpg
img\이미지인덱싱\72.jpg,407.jpg
img\이미지인덱싱\73.jpg,3626.jpg
img\이미지인덱싱\734.jpg,733.jpg
img\이미지인덱싱\74.jpg,408.jpg
img\이미지인덱싱\75.jpg,410.jpg
img\이미지인덱싱\76.jpg,412.jpg
img\이미지인덱싱\77.jpg,404.jpg
img\이미지인덱싱\774.jpg,3756.jpg
img\이미지인덱싱\775.jpg,3756.jpg
img\이미지인덱싱\78.jpg,416.jpg
img\이미지인덱싱\783.jpg,2461.jpg
img\이미지인덱싱\79.jpg,440.jpg
img\이미지인덱싱\8.jpg,296.jpg
img\이미지인덱싱\80.jpg,469.jpg
img\이미지인덱싱\81.jpg,419.jpg
img\이미지인덱싱\82.jpg,418.jpg
img\이미지인덱싱\83.jpg,423.jpg
img\이미지인덱싱\84.jpg,438.jpg
img\이미지인덱싱\849.jpg,3132.jpg
img\이미지인덱싱\85.jpg,429.jpg
img\이미지인덱싱\86.jpg,428.jpg
img\이미지인덱싱\861.jpg,5364.jpg
img\이미지인덱싱\862.jpg,5421.jpg
img\이미지인덱싱\87.jpg,436.jpg
img\이미지인덱싱\88.jpg,435.jpg
img\이미지인덱싱\883.jpg,3349.jpg
img\이미지인덱싱\89.jpg,446.jpg
img\이미지인덱싱\893.jpg,3362.jpg
img\이미지인덱싱\9.jpg,299.jpg
img\이미지인덱싱\90.jpg,450.jpg
img\이미지인덱싱\91.jpg,443.jpg
img\이미지인덱싱\912.jpg,3375.jpg
img\이미지인덱싱\92.jpg,458.jpg
img\이미지인덱싱\93.jpg,459.jpg
img\이미지인덱싱\94.jpg,447.jpg
img\이미지인덱싱\95.jpg,460.jpg
img\이미지인덱싱\950.jpg,3391.jpg
img\이미지인덱싱\958.jpg,3393.jpg
img\이미지인덱싱\96.jpg,453.jpg
img\이미지인덱싱\971.jpg,1093.jpg
img\이미지인덱싱\98.jpg,463.jpg
img\이미지인덱싱\981.jpg,3403.jpg
img\이미지인덱싱\99.jpg,441.jpg
